Headings,HMSO.L.csv,AAL.L.csv,ABF.L.csv,AMEC.L.csv,ANTO.L.csv,ARM.L.csv,ASHM.L.csv,AU.L.csv,AV.L.csv,AZN.L.csv,BA.L.csv,BARC.L.csv,BATS.L.csv,BG.L.csv,BLND.L.csv,BLT.L.csv,BNZL.L.csv,BP.L.csv,BRBY.L.csv,BSY.L.csv,BT-A.csv,CCL.L.csv,CNA.L.csv,CNE.L.csv,CPG.L.csv,CPI.L.csv,DGE.L.csv,EMG.L.csv,ENRC.L.csv,ESSR.L.csv,EXPN.L.csv,FRES.L.csv,GFS.L.csv,GKN.L.csv,GLEN.L.csv,GSK.L.csv,HL.L.csv,IAG.L.csv,IAP.L.csv,IHG.L.csv,IMI.L.csv,IMT.L.csv,INVP.L.csv,IPR.L.csv,ISAT.L.csv,ITRK.L.csv,ITV.L.csv,JMAT.L.csv,KAZ.L.csv,KGF.L.csv,LGEN.L.csv,LLOY.L.csv,LMI.L.csv,MGGT.L.csv,MKS.L.csv,MRW.L.csv,NG.L.csv,NXT.L.csv,OML.L.csv,PFC.L.csv,PRU.L.csv,PSON.L.csv,RB.L.csv,RBS.L.csv,RDSA.L.csv,REL.L.csv,REX.L.csv,RIO.L.csv,RR.L.csv,RRS.L.csv,RSA.L.csv,RSL.L.csv,SAB.L.csv,SBRY.L.csv,SDR.L.csv,SDRC.L.csv,SGE.L.csv,SHP.L.csv,SL.L.csv,SMIN.L.csv,SN.L.csv,SRP.L.csv,SSE.L.csv,STAN.L.csv,SVT.L.csv,TATE.L.csv,TLW.L.csv,TSCO.L.csv,ULVR.L.csv,UU.L.csv,VED.L.csv,VOD.L.csv,WEIR.L.csv,WOS.L.csv,WPP.L.csv,WTB.L.csv,XTA.L.csv
Scale,5.86796297,4.823639217,9.210225917,4.884389546,3.516945458,4.388368802,4.824070335,0.873625218,4.568840906,6.104447295,7.324325868,3.196866055,9.635118769,4.652836402,5.503728589,4.466481991,5.579512195,7.051835511,4.253633995,5.735087143,5.086422273,5.714412347,9.101849637,4.159677144,8.500997067,10.3271082,8.617097416,1.99579916,3.602206692,3.074562528,7.574080546,3.184507088,5.596231656,3.669492155,3.979258637,8.84098745,2.150673661,4.679324867,4.440078225,4.849232655,3.760297533,9.32051047,6.334295704,7.107151263,2.410680804,5.212737706,5.593803229,4.729915993,3.156169348,5.923698969,4.920533614,3.475554462,4.419687319,5.194689232,7.152317966,9.384368755,9.16486992,5.977769692,5.167463009,4.509026306,3.665810968,9.720451876,10.55873082,3.230445106,7.702897814,8.772453168,8.856261797,4.141219609,4.585907805,4.793610458,6.714236664,6.46869379,5.247534054,8.749692973,4.557914733,4.757878158,6.992232392,8.038302248,6.39480269,6.382910311,6.636762087,7.678138818,7.641156097,5.341952583,11.12287486,7.465262876,2.935731191,6.929644877,10.91659651,10.31746286,2.794177108,8.261437486,4.240344812,4.986093765,5.862059475,6.397432413,3.742726287
Offset,0.483065864,0.503780312,0.444039629,0.508188567,0.499607338,0.514251956,0.571305428,0.222334822,0.513103994,0.388150369,0.491921846,0.516642586,0.510110841,0.536828319,0.482374373,0.521319922,0.409512195,0.482468672,0.567188755,0.587900742,0.516494657,0.470490851,0.48503741,0.510673313,0.475434995,0.500957401,0.449204771,0.646450876,0.501086706,0.537524053,0.522094455,0.521937262,0.372160844,0.470397363,0.548429567,0.54551786,0.422542266,0.509100731,0.419724378,0.452191714,0.419305128,0.531152592,0.523068609,0.497750521,0.615469969,0.645845782,0.55328522,0.461744463,0.540437098,0.499359523,0.490836963,0.51139615,0.473856398,0.621876884,0.467832751,0.454390813,0.589211019,0.471109244,0.538948829,0.522646802,0.419544924,0.551303059,0.53703618,0.547953383,0.549274467,0.559707463,0.494548,0.443441911,0.395804658,0.493831391,0.505364571,0.481862955,0.481423203,0.500625219,0.508527561,0.497917016,0.545733022,0.512783418,0.478170195,0.509263245,0.527340988,0.47360546,0.553601393,0.517416833,0.499489238,0.477037632,0.404974734,0.404976935,0.443170316,0.505177143,0.52096606,0.511850473,0.519897208,0.442166473,0.415399039,0.384572522,0.530498976
04/07/2011,0.010706197,0.004190845,0.00742115,0.006346328,0.015772512,0.026958719,0.004944376,0.021139166,-0.003809097,0.008322663,0.000313578,-0.010732442,0.011982571,0.008056042,0.022745735,0.005488921,-0.009363296,0.006961819,0.008837525,0.001177856,0.003001501,0.003256003,0.009205278,-0.03297491,0.002479339,-0.011157601,0.011700468,0.002888981,0.011875,0.014663462,0.005614473,0.003573981,0.006776034,0.002137666,-0.016257669,0.007121439,0.021103896,0.013359528,0.003218021,0.019607843,0.010309278,0.01228153,0,0,0.007155635,0.009254499,0.011120264,0.003498251,-0.002859185,0.000751315,-0.000833333,-0.018303484,0.004152249,0.014553781,-0.002176279,0.008474576,-0.001624695,0.001304348,-0.00295203,0.014407335,0.00408998,0.021240442,0.006371271,-0.014613253,0.010121457,0,-0.008101266,0.000992939,0.000772201,-0.002898551,0.008100147,-0.003097767,0.01081439,0.003952569,0.008212255,0.004480956,-0.002066116,0.00719055,0.004213483,0.01,-0.003706449,-0.011850501,0.00286123,-0.007177033,0.001338688,0.021001616,0.000798722,0.007977066,0.012425447,0.000819001,-0.003341289,0.003039514,0.020551144,0.00629845,0.00516129,0.009840098,0.003599712
05/07/2011,-0.00081483,-0.004815409,-0.007366483,-0.000900901,0.002795248,-0.013125513,0,0.001150086,0.002923977,0.005238095,-0.003448276,-0.012181195,0.009329028,0.008686588,-0.001588562,-0.004852406,-0.002520479,-0.007561845,-0.00606469,-0.005882353,0.017955112,-0.010141988,-0.002128306,0.001235483,0.000824402,0.019040903,0.00693909,0.017695473,0.006176652,-0.000473821,0.006203474,-0.002849003,0.008855827,0.009385666,0.010289991,0.002605136,0,0.003101978,-0.010825982,0.003076923,0.038033395,0.001399907,0.008780488,-0.005610973,0,-0.026999491,0,0.003486056,-0.007885305,0.002252252,0.00500417,-0.022052927,-0.009648518,-0.003372244,0.025081788,0.009747899,-0.00081367,0.015631785,0.008142117,-0.003227889,-0.003394433,0.004159734,0.029640288,0.017642547,-0.00089067,0.003490401,0.006380807,-0.012895404,0.007716049,-0.000968992,0.007304602,0.016834557,0.010480349,0.01211387,0.010025063,0.005947955,-0.001380262,0,0.005594406,-0.001650165,0.000744048,0.003690037,0.010699001,0,-0.002005348,0.003955696,0.03990423,0.006405342,-0.001472754,-0.002454992,-0.009099617,0.007878788,0.000915332,-0.000962927,0.008985879,-0.00182704,-0.011477762
06/07/2011,-0.007543323,0.00516129,0.002782931,-0.001803427,-0.005993031,0.024106401,-0.00797048,0.002871913,-0.018838305,-0.006789831,-0.00723498,-0.037572254,-0.004443654,-0.002411299,-0.016706444,0.004063389,0.000631712,-0.005616632,-0.016949153,-0.021301775,-0.006859383,-0.008196721,-0.006398537,0.000493583,-0.001647446,-0.003460208,0,-0.001617469,-0.023327195,-0.01185115,0.014796547,0.003571429,-0.008426966,0.003381234,0.016872428,0.009279881,-0.007949126,-0.029377658,-0.026550466,0.000766871,-0.012511171,0.002795899,-0.001934236,-0.027586207,-0.001776199,0.014659686,-0.025797692,-0.002977667,-0.01517341,0,0.004149378,-0.021115211,-0.006958942,-0.004945341,0.001329787,-0.003661784,0.002442997,0.002137666,-0.012481645,-0.014248705,-0.004768392,-0.014084507,-0.013415316,-0.018844221,0.002674393,-0.00173913,-0.00634035,-0.003126396,-0.001531394,0.005819593,-0.007976795,0.003761166,-0.007346586,-0.007480551,-0.010545906,-0.003695492,-0.007601935,0.005099439,-0.002642559,-0.020661157,0.017100372,0.038602941,-0.003528582,-0.007228916,-0.000669792,-0.007880221,0.007674597,-0.000712636,0.00245821,-0.009844135,-0.022232963,-0.009019844,-0.007773205,-0.004819277,-0.021628499,-0.000610128,0.008345428
07/07/2011,-0.047452753,0.020860077,-0.006475486,0.017163505,0.038278183,0.034090909,0.025145068,0.019473081,-0.001142857,0.004769475,-0.001901141,0.006006006,0.008569898,0.001035912,-0.021035599,0.02043707,0.006944444,0.012763535,0.009655172,-0.018137848,0.003453379,-0.004132231,0.004293162,0.020966946,0.00990099,-0.009027778,0.000765697,0.03564196,0.024512885,-0.006236508,0.012758202,0.027046263,-0.000708215,0.032013479,0.017806556,0.005148952,0.008814103,-0.004380725,0.02144493,0.019923372,0.009049774,0.000464684,0.011627907,-0.000322373,0.016014235,0.010835913,0.013240418,0.012941762,0.03081438,-0.002621723,0.02231405,0.010890052,0.012613875,0.011509286,0.000265604,0.004677581,0.003249391,0.023037543,0.017100372,0.012483574,0.002737851,0.010084034,-0.012747875,-0.021510883,0.018004001,0.006968641,-0.006380807,0.03046595,0.005368098,0.019286403,0.002192982,-0.013282034,0.013931215,-0.003617727,0.003134796,0.00148368,0.022632312,-0.00304414,-0.010830661,0.019409283,0.001461988,-0.003539823,0.007790368,0.003337379,0.003351206,0.014297061,0.008514851,0.001229559,0.012751349,0.004971002,0.018783984,0.008798544,0.005096774,-0.001937046,0.000650195,0.003052503,0.019791292
08/07/2011,-0.004744447,-0.016661427,0.016759777,-0.008880995,-0.038487508,-0.040816327,0.002975327,0.000561798,-0.002745995,-0.009810127,-0.013333333,-0.031840796,0.007966012,-0.025526043,-0.008264463,-0.02676978,-0.002507837,-0.008862949,-0.007513661,-0.07635468,-0.0093412,-0.02780083,0,-0.022952404,-0.007352941,-0.010511563,-0.005355777,0.015252249,-0.032515337,-0.039584842,-0.01139772,-0.013167013,-0.005669738,-0.02,-0.011530815,0.006220271,-0.011914218,-0.024,-0.003057481,-0.012021037,-0.015246637,0.006502555,-0.011494253,-0.028377943,-0.000875657,-0.008677897,-0.021320495,0.001965602,-0.03772242,-0.015771686,-0.004042037,-0.03542573,-0.022145329,0.007214895,0.006107276,-0.002660459,-0.005668016,0.00500417,0.001461988,-0.021414666,0,-0.013311148,-0.005164993,0.010206752,-0.01441048,-0.020761246,-0.006678654,-0.021413043,-0.00228833,-0.005676443,0.003646973,-0.008307056,-0.004723057,-0.008774584,-0.004375,-0.005185185,-0.01566224,0.007633588,0.010338346,-0.007450331,0.002189781,0.001776199,-0.007027407,-0.015724221,0.001336005,-0.006264683,-0.015994804,0.010684023,-0.006779661,0.000824402,-0.04269772,-0.005714286,-0.009655855,-0.006307618,-0.018843405,-0.01339014,-0.028228652
11/07/2011,-0.009967497,-0.028132992,-0.013736264,-0.012544803,0.003511236,0.02700491,-0.03528447,-0.016282987,-0.03832033,-0.004953659,-0.027027027,-0.038026721,-0.002634352,-0.005663717,-0.020833333,-0.006927465,-0.014456317,0.001308615,-0.026841019,-0.046,-0.024317618,-0.006402049,-0.010687023,-0.011622156,-0.004115226,-0.007790368,-0.006923077,-0.029661017,-0.027266963,-0.054284996,-0.024878641,0.007022472,-0.01318603,-0.020408163,-0.013475463,-0.012727273,-0.020900322,-0.027868852,-0.018605602,-0.024334601,-0.020947177,-0.012921089,-0.026162791,0.025887819,-0.01051709,-0.008238929,-0.021082221,-0.020598333,-0.022928994,-0.017550553,-0.034090909,-0.036726804,-0.016985138,-0.02539218,-0.026920032,-0.007002334,-0.004071661,-0.009128631,-0.025547445,-0.015251989,-0.03003413,-0.008431703,0.008076147,-0.074611399,-0.005095259,-0.009717314,-0.022498061,-0.011440631,-0.01529052,-0.002854424,-0.014534884,-0.026771061,0.002804142,-0.008852259,-0.01569366,-0.017870439,-0.002767209,0.011111111,-0.045581395,-0.00500417,-0.019664967,-0.021276596,-0.004246285,0,-0.010006671,-0.015760441,-0.003069839,-0.00218712,-0.010726475,-0.011532125,-0.031931069,-0.013914096,-0.022685185,-0.036132813,-0.021192053,-0.016656385,-0.007988381
12/07/2011,0.006565988,-0.015789474,-0.006499536,-0.009981851,-0.024492652,-0.04940239,-0.0145,-0.001712329,-0.014793605,-0.012365505,-0.011243386,-0.017094017,-0.008100018,-0.004627981,0.005106383,-0.01436192,-0.005102041,-0.012742322,0.016265912,-0.032844165,-0.002034588,-0.010309278,-0.000308642,-0.005504128,-0.009917355,-0.004282655,-0.015491867,-0.021834061,0.00065189,0.005846399,0.003733665,0.0041841,-0.005778259,-0.007227891,0.010907238,0.005524862,-0.013136289,-0.023187184,0.001458333,-0.015588465,-0.010232558,-0.011687705,-0.002985075,-0.015852475,-0.006200177,-0.00623053,-0.023689878,0.003505258,-0.01665405,0.003106796,-0.017647059,-0.021850613,-0.024478042,-0.009220232,0.011662598,0.000671592,-0.008994276,0.00921273,-0.018726592,0.000673401,-0.014074595,-0.005952381,0.001430615,0.007558791,-0.016254732,-0.006244425,-0.014550265,-0.013820225,-0.011645963,-0.004770992,-0.007374631,-0.025294221,-0.0006453,-0.005235602,0.003826531,-0.00075815,-0.004162331,0,-0.009259259,-0.015926236,-0.004457652,0.004528986,-0.005685856,-0.016589862,-0.027628032,-0.007205765,-0.011547344,-0.006088651,-0.009364219,-0.021666667,-0.012565445,-0.002760736,0.003315964,-0.03343465,-0.01217862,-0.013801757,-0.00988287
13/07/2011,0.013481192,0.014371658,-0.012149533,0.003666361,0.032281205,-0.00838223,-0.001268392,0.004574042,0.007507871,0,0.022742475,-0.008695652,-0.009231315,0.021101574,0.022861981,0.01623647,0.017948718,0.007170436,0.065414057,0.019508671,0.00254842,-0.005208333,0.001852424,0.009056604,-0.005008347,0.017921147,0,-0.002435065,0.022149837,-0.002642008,0.016738996,0.055555556,-0.00072648,0.015845824,0.009176162,-0.004395604,0.003327787,0.003884333,0.002912419,0.015043547,0.030075188,0.012771996,0.007984032,0.00887574,0.000891266,-0.001567398,0.014705882,0.008483034,0.050808314,-0.016260163,0.015397776,0.012081149,0.014760148,0.018346185,-0.024664879,-0.008053691,0.00660066,-0.000414938,0.012977099,0.01076716,0.009279086,0.009409752,-0.007428571,-0.013059183,0.009959258,-0.005385996,0.012348993,0.011963085,0.022780833,0.043144775,0.000742942,0.014272842,0.006241929,-0.000928793,0.019695044,0.023520486,-0.003831418,0.021978022,0.003443187,0.017887564,-0.001492537,0.000901713,0.012151537,0.010309278,0.006930007,-0.006451613,0.018691589,-0.000612595,-0.007960199,0.004258944,0.012057264,-0.007197785,0.021718602,0.016247379,0.010273973,-0.003180662,0.023659889
14/07/2011,0.001287277,-0.009555189,0.022705771,-0.010958904,-0.012161223,-0.02874049,0.036322073,-0.021058623,-0.016105769,-0.000650407,-0.009156311,-0.002324561,-0.004658663,-0.018563923,-0.005794702,-0.022531749,-0.011335013,0.003176342,-0.011103854,-0.013465627,-0.014743264,-0.02617801,-0.014791988,-0.034405385,-0.014261745,-0.011267606,-0.011801731,-0.021155411,-0.020395156,-0.006622517,-0.01097561,0.049342105,-0.002908033,-0.003372681,-0.016786571,-0.02133922,0.00331675,-0.009028375,0.000207426,-0.031981279,-0.003649635,0,-0.012079208,-0.016291952,-0.015138023,0.000523286,-0.015942029,-0.007916873,-0.010989011,0.016528926,-0.01179444,0.031981982,-0.019636364,-0.005483029,-0.024189115,-0.0067659,-0.009016393,-0.01328352,-0.021853806,-0.037949401,-0.019094767,-0.020338983,-0.008923431,-0.002533784,-0.008292246,-0.008122744,0.00477327,-0.012046836,0.012288786,0.004595588,-0.005196733,0.000319818,-0.009839572,-0.017663465,-0.001869159,-0.00074129,-0.022727273,0.013196481,-0.013235294,-0.013389121,-0.011210762,-0.001801802,-0.01200565,-0.006184292,-0.011699931,-0.001623377,-0.029816514,-0.014343509,-0.004012036,-0.008481764,-0.014533148,-0.011029867,-0.01663586,-0.02166065,-0.027118644,-0.01531589,-0.018779343
15/07/2011,0.00514249,-0.011310712,0.005550416,0.006463527,-0.016531833,-0.018276762,0.00122549,0.002325581,-0.003420474,0.001789782,-0.008580858,-0.018332088,0.00810081,-0.001427552,0.006661116,-0.019279128,0.002547771,0.002292827,0.041611625,0.019396552,-0.004127967,-0.011648746,-0.007194245,0.000258198,0.001702128,-0.002849003,-0.005573248,0.002493766,-0.008458035,0.004533333,-0.009247842,0.018808777,0.000364564,0.010998308,0.00995935,0.009022556,-0.007438017,-0.015184382,-0.003318125,-0.000805802,-0.005494505,0.004203643,0.000400882,0.000331236,-0.032549729,0.0041841,-0.017673049,-0.000498753,-0.015851852,-0.003871467,-0.010230179,-0.02466172,-0.002225519,-0.003675505,0.005633803,0.00613079,-0.00165426,0.00757257,0.010785824,0.019377163,-0.015140591,-0.000865052,0.00464711,-0.009596387,0.008813559,-0.008189263,0.001319609,0.000797721,-0.025037936,0,-0.003731343,-0.014920071,0.005616764,0.012302839,0.001872659,-0.004451039,-0.004293381,-0.004341534,-0.001987084,-0.018659881,0.006046863,-0.00631769,0.010721944,0.001244555,-0.005571031,0.005691057,0.019700552,0.002363184,-0.006042296,0,-0.019670388,-0.003759398,0.007988722,-0.005798629,-0.01533101,0.002592353,-0.004784689
18/07/2011,-0.018119804,-0.023384926,-0.007359706,-0.005504587,-0.012160229,0.008865248,-0.011015912,0.003480278,-0.038980142,-0.005684587,-0.011651132,-0.037169727,-0.008928571,-0.012866333,0,-0.022435897,-0.019695044,-0.006535948,-0.024730501,0.005637773,-0.027979275,-0.009519492,0.003465658,-0.04104285,-0.019541206,-0.015714286,-0.012009608,-0.042288557,-0.024934383,-0.020440669,-0.001866833,0.020923077,-0.009110787,-0.046443515,-0.017911049,-0.005216095,-0.011656953,-0.01938326,-0.032667499,-0.030645161,-0.045119705,-0.000930233,-0.029453015,-0.004635762,-0.03364486,-0.034895833,-0.045727136,-0.032934132,-0.020021075,-0.024485037,-0.036175711,-0.074737078,-0.024535316,-0.027140975,-0.013445378,-0.006431957,-0.008285004,-0.006680585,-0.043445122,-0.031907671,-0.030014641,-0.015584416,-0.000867303,-0.060416073,-0.007392473,-0.01559633,-0.02754349,-0.0189023,-0.019455253,0.017383349,-0.010486891,-0.044356293,-0.009452202,-0.020878778,-0.011214953,-0.011922504,-0.011139059,0.005329457,-0.030363365,-0.031979257,-0.018031555,-0.019073569,-0.002828854,-0.0077688,-0.00070028,-0.021018593,-0.026275116,-0.019729495,-0.00810537,-0.005988024,-0.023861171,-0.011006289,-0.036829837,-0.033934252,-0.023354565,-0.01616031,-0.023668639
19/07/2011,0.005210595,0.017571059,-0.008341057,0.012915129,0.031136857,0.023725835,0.000247525,-0.015606936,0.004336735,-0.013067625,0.005725834,-0.018604651,-0.003963964,0.017016655,-0.010752688,0.016830601,0.005832793,0.010087719,0.004551365,0.021079187,0.028784648,0.016018307,0.022919937,0.030148048,0.010398614,0.01233672,-0.004862237,0.028138528,0.022207268,0.017886179,0.011221945,0.000602773,0.006252299,-0.003071523,0.000614754,-0.008988764,0.00758214,0.019317161,0.014841901,0.019966722,0.008678881,-0.003724395,0.011354253,-0.005322688,-0.007736944,0.012412304,0.017282011,0.040247678,0.031490015,0.010358566,0.00536193,0.043288996,0.006097561,0.003087757,0.005394662,0.003407155,-0.006683375,0.007566204,0.015776892,0.019635344,0.003018868,0.001759015,-0.009837963,0.003639672,0.006544798,0.010251631,0.009350861,0.011603993,0.008730159,-0.006294964,-0.003028009,0.038490566,-0.009108653,0.005728835,0.005671078,0.005279035,0.011991279,-0.000481928,0.008726899,0.01875,0.001530222,0.015518519,0.00212766,-0.013466959,0.000700771,-0.004128819,0.015079365,-0.007468354,2.55363E-05,-0.002581756,0.023333333,0.005341812,0.018151016,0.004939627,0.027536232,-0.00131406,0.018181818
20/07/2011,0.013606911,0.006940918,0.003738318,0.019125683,-0.000702247,0.048927039,0.001707498,-0.002935995,0.023876048,-0.010261503,0.012056263,0.054976303,-0.000723589,-0.005339979,0.008361204,0.016552021,0,0.005210595,0.004530744,0.021220523,0.006735751,0.006306306,0.006752609,0.005226026,0.002572899,-0.000716846,0.01465798,0.015578947,0.021066491,0.00372737,0.004932182,-0.004819277,0.004751462,0.019366197,-0.012901905,0.006046863,0.004180602,0.022917585,-0.012505299,0.013866232,0.012428298,-0.012616822,0.01551337,0.019397993,0.005847953,0.007462687,0.037528958,0.011904762,0.002233805,-0.001577287,0.016888889,0.028048215,0.002272727,0.018793541,-0.005365716,-0.002716469,0.010092515,0,0.007216818,0.024071527,0.027088036,0.011413521,-0.000584454,0.030825023,0.002242152,0.018450185,0.015306122,0.014343769,0.020456334,-0.000904977,0.030372058,0.01380814,0.013350843,-0.009177215,0.016290727,0.016504126,0.008976661,0.00144648,0.023918575,0.01665206,0,0.015719027,0.007077141,0.010793651,0.009103641,0.019900498,-0.004691165,0.000765209,0.011210133,0.008628128,0.003800217,0.013979379,0.020494414,0.025669033,0.016925247,0.017763158,0.015252976
21/07/2011,0.0012785,0.006388702,0.006517691,0.00536193,0.006324666,-0.016366612,0.008177079,-0.005889282,0.041925081,0.034113712,0.00595632,0.036298293,0.012671977,0.004402291,-0.010779436,-0.002114612,-0.00257732,0.01511879,0.015463918,-0.001223118,0.013896037,0.008057296,0.005792683,0.005718742,-0.001710864,-0.015781923,0.012038523,0.008291874,0.005157963,0.018567639,0.001226994,-0.004842615,0.003273918,0,-0.004149378,0.011810669,0.004995837,0.02455838,0.01416613,0.00160901,0.002832861,0.009465215,0.021105528,-0.005905512,0.026162791,-0.002116402,0.014438821,0.019607843,0.00371471,0.054778831,0.027972028,0.072378805,-0.010582011,0.023853697,0.004258944,-0.01566224,0.002497918,0.010846892,0.026090343,-0.000671592,0.023443223,0.002604167,-0.004093567,0.056874817,0.015659955,0.009963768,0.016133298,-0.00916186,0.00616808,0.005434783,0.014001474,0.02437276,-0.00237581,-0.004471415,0.020345253,0.011808118,0.008896797,-0.002888782,0.020874751,0.006034483,0.006111536,-0.010771993,-0.013352073,0.023555276,0.002081888,0,0.010997643,-0.001274372,0.007171717,-0.000855432,-0.000540833,0.00411728,-0.011599685,0.008519702,0.002080444,0.012281836,-0.010626603
22/07/2011,0.004256225,0.010691614,0.003700278,-0.006222222,-0.00698324,0.014975042,0.009556481,0.001777251,0.012857143,-0.01228978,0.003289474,0.038668285,0.018055059,0.004525532,0.005867561,0.005721551,0.012273902,0.000744681,0.001269036,-0.00281258,0.005076142,0.01598579,0.001212489,0.015766348,0.00856898,0.020408163,0.007930214,-0.000411184,0.008338679,-0.010416667,0.004289216,0.022506083,0.009789703,0.016839378,0.000729167,-0.004247357,0.008285004,0.021867115,0.002328042,0.014457831,0.020715631,0.008438819,-0.002952756,0.020132013,-0.000944287,0.017497349,0.016140866,0.006730769,0.003700962,0.00011233,-0.008503401,-0.009251472,0.016806723,0.025653637,0.020921685,0.013836043,0.013289037,-0.000825423,-0.010246679,-0.001344086,-0.006442377,0.01038961,0.021139166,0.022468793,0.002202643,0.007174888,-0.000780843,0.009474886,-0.001532567,0.008108108,0,0.009797061,0.003030959,0.015078601,0.006042296,0.016046681,-0.00952381,-0.00338001,0.00292113,0.005141388,0,0.005444646,0.006410256,-0.00951212,0.004847645,0.008943089,0.011655012,0.014291183,0.004914251,0.006849315,0.014069264,0.022303678,0.015690174,0.006335797,0.00899654,0.009578544,0.005555556
25/07/2011,0.011019284,0.000495868,0.006451613,0.000894454,0.00281294,0.009836066,-0.001456311,-0.017149616,-0.030089328,0.000327439,-0.003606557,-0.012103506,0.000351185,0.010996807,0.006666667,-0.005899705,0.007657945,0.010736685,0.013941698,-0.002699055,-0.006060606,-0.010052448,-0.005752346,-0.015776081,-0.006796941,0.005,-0.00393391,-0.012340601,-0.006361323,-0.003421053,0.007931666,0.028554432,0,0.011464968,0.008327261,0.016778523,-0.020542317,-0.008230453,-0.008023649,0.002375297,0.001845018,0.0004649,-0.003948667,-0.001941119,-0.008506616,0.005211047,-0.012274368,0.00095511,-0.005162242,-0.009734182,-0.010291595,-0.04286927,-0.006761833,0.003508241,-0.01384658,0.001705902,-0.002459016,0.002065262,-0.004601227,-0.00538358,-0.005763689,-0.014567266,0.013801035,-0.015735214,0.003076923,-0.000890472,-0.004949206,-0.000339251,0.001534919,0.00536193,-0.014534884,-0.023215523,0.010144615,-0.014222503,-0.013813814,-0.012921752,-0.00462963,0.004844961,-0.015533981,0.006820119,-0.002277904,-0.00631769,-0.002123142,0.001858736,0.006891799,0.004834811,-0.002304147,-0.002390238,-0.00249501,0.017006803,-0.011739594,-0.015496809,0.025522042,0.004721931,-0.002743484,-0.006957622,0.000736648
26/07/2011,-0.014462377,0.011564513,0.01007326,-0.013404826,0.010518934,-0.033279221,-0.00097229,-0.003610108,-0.007998061,-0.001309329,-0.008555446,-0.021123785,0.004388275,0.029473684,-0.014900662,-0.008690123,0,-0.023979806,-0.031875,-0.01826793,-0.006605691,0.001324503,-0.008221681,-0.002843847,-0.001710864,0.011371713,0.007898894,-0.025822574,0.013444302,-0.001848429,-0.013317191,-0.021399653,-0.000718133,-0.0302267,-0.008981109,0.006967363,-0.01090604,-0.000829876,-0.002767135,-0.006319115,0.011970534,-0.005576208,0.007928642,-0.001620746,-0.002859867,-0.002592017,-0.005847953,-0.009064885,-0.00148258,-0.017013233,-0.001733102,0.001552106,-0.012859304,-0.016096579,-0.00870542,-0.000681199,0.002465078,-0.006595218,0.00770416,-0.00541272,-0.001449275,0.003478261,-0.003970505,-0.003031974,0.0072305,0.006238859,0.00052356,0.000226244,-0.004597701,-0.004444444,-0.018436578,-0.001418943,-0.001495726,0.000961847,0.007308161,0.004363636,-0.008586762,-0.00144648,-0.002465483,-0.00508044,-0.003805175,0.000908265,-0.006382979,-0.000618429,0.001368925,-0.003207698,-0.013856813,-0.002900378,-0.004002001,0.002508361,-0.011339093,0.018209877,0.00361991,-0.012532637,-0.006189821,-0.004458599,0.001104159
27/07/2011,-0.004253509,-0.012902172,-0.011786038,-0.013586957,0,-0.010915197,-0.016545012,0.038647343,-0.031028585,-0.013438217,-0.029206771,-0.046180406,0.003495281,-0.001022495,-0.003361345,-0.00192431,-0.013932869,-0.008189655,-0.025823112,-0.015161957,-0.02455243,-0.018077601,-0.016579675,-0.019963702,-0.002570694,-0.009135629,-0.011755486,-0.023514322,-0.007580543,-0.023544974,-0.004294479,0.004728132,-0.008983112,-0.019047619,-0.004895833,-0.005462491,0.003392706,-0.026162791,-0.023265742,-0.015103339,-0.01455869,-0.003271028,-0.03107178,-0.00974026,-0.011472275,-0.008316008,0.013235294,-0.018295619,-0.002227171,-0.005,-0.027777778,-0.042727474,0.01302682,-0.009458078,-0.010764873,-0.005112474,-0.005737705,0.002489627,-0.013761468,-0.030612245,-0.021770682,-0.022530329,-0.01167426,-0.032070777,-0.014574723,-0.008857396,-0.013343799,-0.005654829,-0.012317167,0.00625,-0.009767092,-0.007460036,-0.009629788,-0.018257527,-0.011487304,-0.015930485,0.015517864,-0.010140029,-0.023232823,-0.013617021,0.001527884,-0.012704174,-0.052819415,-0.025990099,0.000683527,-0.010458568,-0.017174083,-0.009358796,-0.013058764,0.002502085,-0.017476789,-0.005456199,-0.023895401,-0.023268112,-0.015224913,-0.007037748,-0.016176471
28/07/2011,-0.001495088,-0.00794176,0,-0.011937557,-0.018216516,-0.003395586,0.002721425,-0.009883721,0.016137166,0.002159468,0.048888889,0.018733032,-0.00487635,0.004094166,-0.003372681,-0.002784919,-0.01734104,-0.003042156,-0.003313453,0.00209937,0.037755637,-0.029636282,-0.022791133,-0.011904762,-0.007731959,0.012765957,0.000793021,-0.006567426,-0.006365372,-0.007315091,-0.006777572,0.012941176,-0.002900653,-0.005736981,-0.0025123,0.014280483,-0.022823331,-0.008102345,-0.010926573,-0.008878128,-0.008310249,0.008438819,-0.009539273,0.010163934,0.03868472,0.002096436,0.031204644,-0.007356547,-0.005208333,-0.015461925,0.013392857,0.040703053,-0.027987897,0.006451613,-0.002004582,0.003768414,-0.004122012,-0.003311258,-0.003875969,-0.000701754,0.016320475,0.009751773,0.017574186,0.03627535,0.000662252,-0.009830206,-0.010872448,-0.00966788,0.005455963,-0.014196983,0.009104704,0.005726557,0.002592913,0.001631321,0.004892966,0.002207506,-0.012437811,0.04195122,0.016700405,-0.016393443,-0.009153318,-0.008272059,0,0.015247776,-0.008879781,-0.000813008,-0.007942812,-0.010596196,0.006615776,-0.010815308,-0.017231795,0.008229198,-0.018937644,-0.003248511,-0.00983837,0.003221649,-0.013079223
29/07/2011,-0.003636364,-0.032688459,-0.017431193,-0.020446097,0.002219473,-0.005110733,-0.004934616,-0.012918379,-0.010421836,-0.014420686,-0.009126467,-0.002176424,-0.012775639,-0.018688413,-0.010152284,-0.023415682,0.008496732,0.004795118,-0.006648936,-0.005586592,0.015664477,-0.020823693,-0.020447284,-0.009906292,-0.005194805,0.005602241,-0.013470681,-0.018069634,-0.01024984,-0.01610262,-0.004342432,0.022067364,-0.002909091,-0.002663116,-0.001574142,-0.015162455,-0.01384083,0.020206363,-0.010605391,-0.016286645,-0.022346369,-0.015806602,-0.014959016,-0.007789679,0.005586592,0.001569038,-0.015482055,0.007905138,0.008227375,-0.007852375,-0.011453744,-0.036666667,-0.011673152,-0.004358974,-0.006599713,-0.007167235,-0.011589404,-0.013704319,-0.010894942,-0.016151685,0.00729927,0.030728709,-0.021234428,-0.016262404,-0.014118685,0,-0.004021448,-0.012288963,0.011627907,0,-0.011278195,-0.017081851,-0.015086207,-0.009446254,-0.009129641,-0.013950073,-0.012594458,-0.007958801,-0.013937282,-0.004385965,-0.01308699,0.000926784,-0.01507159,-0.025031289,-0.013783598,-0.008136697,-0.01521217,-0.010451613,-0.015166835,-0.010092515,0.001131222,0.040931076,-0.00094162,-0.014122759,-0.014194464,-0.000642261,-0.016690647
01/08/2011,0.014383856,-0.010172414,0,0,-0.026722806,-0.008561644,0.005454996,-0.010113028,-0.007271815,-0.007568113,-0.029605263,-0.034052971,0.002659103,-0.006232687,-0.005128205,-0.006599208,-0.009721322,-0.006507592,-0.016064257,-0.023174157,-0.004975124,-0.010396975,-0.010763209,-0.016224986,-0.007832898,0.005571031,-0.006425703,-0.018850987,-0.020064725,-0.009708738,-0.018068536,-0.014772727,-0.021152443,0.013351135,-0.005570738,-0.007697947,0.01754386,-0.03202697,-0.013622153,0.001655629,-0.007619048,-0.018422296,-0.020594966,-0.006215244,-0.017592593,0.039164491,-0.017155111,-0.008333333,-0.025964392,-0.018203403,-0.008912656,-0.04982699,-0.023622047,-0.004378058,-0.020508377,-0.010312822,-0.010887772,-0.016421053,0.001573564,-0.001427552,-0.014492754,0.005110733,-0.002892682,-0.043149342,-0.006936675,-0.027978339,-0.021803499,-0.004302326,-0.009961686,-0.00360036,-0.001520913,-0.006698045,-0.002844639,-0.007563302,0.004299754,-0.00446761,-0.016034985,-0.009438414,-0.014639071,-0.031718062,-0.017940718,-0.001851852,-0.014537108,-0.00449294,-0.01048218,0.000820345,0.011382114,-0.00665015,-0.009240246,-0.006796941,-0.028248588,-0.014927107,-0.016965127,-0.038567493,-0.011519078,0.003213368,-0.013446698
02/08/2011,-0.011851852,-0.023689253,-0.000933707,-0.021821632,-0.037681159,-0.015544041,-0.032305795,-0.024038462,-0.028542561,-0.018301983,-0.020338983,0.046082949,0.010077793,-0.01533101,0.008591065,-0.019264836,-0.022905759,-0.022270742,-0.013605442,0.006470165,0.0025,-0.03104107,-0.004615892,-0.03051127,-0.016666667,-0.004847645,-0.008084074,-0.025617566,-0.037648613,-0.040896359,0.000634518,0.0455594,-0.0085693,-0.046991656,-0.030863545,0.004063539,-0.126724138,-0.035263387,-0.020828617,-0.052066116,-0.049424184,0.008180943,-0.018054376,-0.002633311,-0.044297832,-0.016582915,-0.024,-0.027187346,-0.044173648,-0.035469569,-0.013489209,-0.030347172,-0.027419355,-0.014614589,-0.010321439,0.011462313,0.020321761,0.011130137,-0.034564022,-0.02501787,-0.025,-0.003389831,-0.015375689,-0.022254758,-0.00135196,-0.016713092,-0.026417171,-0.019035385,-0.019349845,0.005420054,-0.030464585,-0.004191726,-0.001316656,-0.002982107,0.000611621,0,-0.021481481,-0.034778466,-0.024077869,-0.000909918,-0.022239873,-0.011131725,0.001552795,0.001934236,0.024717514,-0.032786885,-0.023311897,-0.002362825,0.002590674,0.011120616,-0.00872093,-0.006485849,-0.006711409,-0.03495702,-0.022578296,-0.02178091,-0.035519126
03/08/2011,-0.018419362,-0.008206958,-0.014018692,-0.035887488,0.015060241,-0.03245614,-0.00891947,-0.020320197,-0.025481019,-0.039012601,-0.014186851,-0.063876652,-0.017678978,-0.026723284,-0.011925043,-0.04222172,-0.009377093,-0.033050469,-0.015862069,-0.014285714,-0.018952618,-0.029571217,0.011262007,-0.050751347,-0.016057092,-0.007654836,-0.009779951,-0.014084507,-0.010981469,-0.031834112,-0.019023462,0.051847766,-0.006012777,-0.009677419,-0.070018541,-0.028329654,-0.015695953,-0.041516245,-0.016416185,-0.027027027,-0.048460374,-0.007159905,-0.025091932,-0.000660066,-0.035700197,-0.0296372,-0.024590164,-0.018419715,-0.044621514,-0.005850397,-0.047402005,-0.024536805,0.024046434,-0.002493766,0.010727056,-0.003777473,0.011618257,-0.00169348,-0.030105777,-0.022727273,-0.018853695,-0.033163265,-0.035651149,-0.03474094,-0.046705776,-0.033050047,0.04013567,-0.044047619,-0.013417522,-0.001796945,-0.020424195,-0.020131772,-0.048560756,-0.018610834,-0.037286064,-0.035153328,-0.02006056,-0.039980257,-0.015748031,-0.029143898,-0.028432169,-0.014071295,0.020930233,-0.005791506,0.008270159,-0.012711864,-0.056790123,-0.007631579,-0.015503876,0.011844332,-0.038123167,0.011869436,-0.027027027,-0.014845606,-0.018628912,-0.003929273,-0.040064751
04/08/2011,-0.055422213,-0.047310667,-0.022748815,-0.061368209,-0.099406528,-0.048957389,-0.048598611,-0.029541169,-0.046157951,-0.024968565,-0.046683047,-0.053411765,-0.019244476,-0.054710451,-0.029310345,-0.037953795,-0.037863421,-0.01743649,-0.080588648,-0.044202899,-0.012201322,-0.028948705,-0.00786112,-0.072580645,-0.012692656,-0.021037868,0.001646091,-0.049047619,-0.07980569,-0.07239819,-0.049127343,-0.000524384,-0.034026465,-0.043741275,-0.0829131,0.007194245,-0.012736937,-0.076741996,-0.038316878,-0.061827957,-0.071618037,0.0125,-0.055691147,-0.032034346,-0.193086521,-0.006845708,-0.025974026,-0.059402097,-0.083402836,-0.030685162,-0.053110048,-0.10164271,-0.036437247,0.014236842,-0.025648585,-0.000344709,-0.016406891,-0.002544529,-0.051174497,-0.056264066,-0.03151422,-0.015831135,-0.014970975,-0.060502637,-0.05183432,-0.029882813,0.001358696,-0.054420922,-0.0536,0.065706571,-0.052927025,-0.034366829,-0.028637413,-0.02302743,-0.008253968,-0.003875969,-0.046349942,-0.021079692,-0.0368,-0.056285178,-0.056856187,-0.034253092,-0.012908125,-0.027831715,-0.015037594,-0.036909871,-0.062827225,-0.018297534,0.027296588,-0.015886288,-0.093902439,-0.012903226,-0.077380952,-0.034358047,-0.043386484,-0.023668639,-0.085160202
05/08/2011,-0.051744052,-0.047960725,-0.012609117,-0.035369775,-0.020593081,-0.035271687,-0.036756757,-0.008419689,-0.048951049,-0.014185704,-0.032032401,-0.075316928,-0.027979651,-0.037692308,-0.060390764,-0.046802254,-0.002810963,-0.011164649,-0.013719512,0.017437453,-0.072053525,0.009937238,0.006932981,-0.026409018,-0.007346189,-0.007879656,-0.022185703,-0.037055583,-0.045248869,-0.010406504,-0.009517335,-0.043022036,-0.01409002,-0.052554745,0.044501279,-0.044736842,-0.017878911,0.009688934,-0.018088487,-0.019102197,-0.057714286,-0.016619183,-0.016682331,-0.015694302,0.020785805,0.002545069,-0.028235294,-0.027517887,-0.031847134,0,-0.041940374,-0.061428571,-0.039495798,-0.090838328,0.009984871,-0.012758621,-0.020016681,-0.010629252,-0.019451813,-0.038155803,-0.022222222,-0.015192136,-0.008995037,-0.069352708,-0.038941588,-0.010469096,-0.028222524,-0.045963387,-0.041420118,-0.033783784,0.011007621,-0.032417795,-0.02211127,-0.000693241,-0.030729834,-0.036575875,-0.016200891,-0.021008403,-0.042635659,0,-0.007092199,0.002955665,-0.02,-0.016644474,-0.0055517,-0.024064171,-0.029795158,-0.021069692,0.002043945,-0.024638912,-0.045087483,-0.016042781,-0.069354839,-0.030586767,-0.019732351,-0.018181818,-0.031797235
08/08/2011,-0.056760049,-0.061880206,-0.031925344,-0.073333333,-0.044575273,-0.083003953,-0.039001122,-0.052253429,-0.020294118,-0.030087834,-0.026245721,0.034408602,-0.031028037,-0.049560352,-0.047258979,-0.050899743,-0.046511628,-0.041953886,-0.054095827,-0.016393443,-0.058236273,-0.05592957,-0.033442623,-0.059212703,-0.034227567,-0.027436823,-0.021008403,-0.074362975,-0.072669826,-0.078540914,-0.0459849,-0.010964912,-0.039698293,-0.087313816,-0.068437806,-0.035812672,-0.054613157,-0.050505051,-0.017176998,-0.062317429,-0.064887811,-0.034282955,-0.037514934,-0.00762565,-0.01887261,-0.064417178,-0.07102502,-0.055461234,-0.10056391,-0.058976583,-0.005274262,-0.001217656,-0.034995626,-0.035388128,-0.024266028,-0.019210618,-0.020425532,-0.053717232,-0.027953111,-0.082644628,-0.030032468,-0.0353902,-0.020031299,-0.032647268,-0.018181818,-0.029501526,-0.02960067,-0.064743236,-0.012345679,0.074300699,-0.045226131,-0.021589637,-0.037685388,-0.027402012,-0.033685601,-0.04361874,-0.025524907,-0.024678112,-0.005205321,-0.052186879,-0.052678571,-0.026129666,-0.029042386,-0.036560596,-0.012561061,-0.005479452,-0.086852207,-0.001379691,-0.016318205,-0.024390244,-0.093023256,-0.018417874,-0.087232813,-0.058596265,-0.031578947,-0.033607682,-0.076820562
09/08/2011,0.02660124,0.023044397,0.015728057,0.059952038,0.060739437,0.076508621,0.051678832,0.028256375,0.014109877,0.000963391,0.00078125,-0.072245322,0.025848765,0.04079058,0.048611111,0.035211268,0.039911308,0.00545838,0.030228758,-0.007575758,-0.011778563,0.025233132,-0.000678426,0.081575246,0.044061303,0.026726058,-0.004291845,0.019101124,0.044293015,0.069543509,0.028776978,-0.072616408,0.016122365,0.027574564,-0.003942699,0.015102041,0.005645514,-0.009574468,0.013677812,0.082035306,0.06614786,0.002,-0.012164846,-0.019559902,0.01037712,0.030525721,0.025195482,0.082085081,0.039707419,0.052534562,0.02173913,-0.021030174,0.031731641,-0.016775148,0.012588271,-0.001068376,-0.006950478,0.010899183,0.008348794,0.057657658,0.024267782,0.025399812,0.023315235,-0.059794571,0.025925926,0.009224319,0.011510791,0.017062731,0.027678571,-0.004068348,0.013157895,0.02402746,0.01061142,0.033523538,-0.000683527,0,0.043514998,0.025852585,0.012209302,0.043523859,0.023562677,0.049021586,-0.027485853,0.042164441,-0.002826855,0.019283747,0.022385707,0.022796353,0.001036807,0.008928571,0.023310023,-0.006459551,0.077848101,0.016415869,0.030100334,0.029808375,0.024953599
10/08/2011,-0.010314465,-0.04360405,-0.023976024,-0.015837104,-0.050622407,-0.021621622,0.006940589,0.006702413,-0.027827117,-0.02078922,-0.031615925,-0.082913165,-0.022752915,-0.051313131,-0.022705771,-0.023547881,-0.022032694,-0.021838371,0.032513878,-0.005343511,-0.017282479,-0.041198502,-0.024779362,-0.044538362,-0.023853211,-0.033984093,0.004310345,0.036383682,-0.044861338,-0.126042014,-0.021678322,-0.023311417,-0.028071603,-0.02245345,-0.042089985,-0.030960997,-0.005657339,-0.047798067,-0.022238881,-0.02975048,-0.01703163,-0.01497006,-0.02613722,-0.004631279,-0.023797595,-0.021393308,-0.033050847,-0.031007752,-0.077386935,-0.038091068,-0.027503892,-0.03985056,-0.018453427,-0.007101375,-0.013341419,-0.012477718,-0.004374453,-0.03279425,-0.050597976,-0.028109029,-0.073529412,-0.041284404,-0.02278402,-0.052282481,-0.019597731,-0.031366847,-0.020768137,-0.008359214,-0.03127715,0.043300654,-0.051948052,-0.017956903,-0.0035,-0.014837819,-0.044459644,-0.050675676,-0.005263158,-0.019839142,0.057438254,-0.049748744,-0.040515654,-0.038461538,-0.008312552,-0.068779501,0.002834869,-0.010810811,0.001233553,-0.027286235,-0.020196789,0.012389381,-0.017463933,-0.008049536,0.060393423,-0.008748318,-0.018668831,-0.015161957,0.006036217
11/08/2011,0.062531774,0.031114952,0.009211873,0.029885057,0.037910839,0.064047473,0.007444169,0.048601864,0.039890378,0.015922941,0.018540911,0.060293219,0.020973639,0.043441227,0.066795741,0.053590568,0.018168605,0.014127144,0.040706605,0.003837299,0.02607641,0.021205357,0.030281935,0.041510718,0.009398496,0.018712575,-0.008583691,0.025,0.053800171,0.079359023,0.00571837,0.004283966,0.031393889,0.045378151,0.054269972,0.034439834,0.015799379,0.043429216,0.063122924,0.015825915,0.022277228,0.00810537,0.051612903,0.020400859,0.031306133,0.030829596,0.004382121,0.014857143,0.039760349,0.015020482,0.048559232,0.044422827,0.032229185,-0.000181835,0.019975415,0.007220217,0.017574692,0.003251277,0.060077519,0.038562664,0.060846561,0.03062201,0.018524433,0.040345821,0.026038927,0.004503538,0.022370715,0.033660179,0.019730942,-0.031323414,0.044748858,0.026412028,0.023331661,0.039929947,0.05583393,0.049822064,0.019129019,0.026258206,0.036936448,0.002644104,0.038387716,0.026,0.017602682,0.019188993,0.012014134,0.030054645,0.049425051,0.019858353,0.021141649,0.020979021,0.047913447,0.009051186,-0.00877703,0.043448744,0.014888337,0.00419874,0.0525
12/08/2011,0.029904306,0.018860017,0.032454361,0.010602679,0.03842947,0.011538462,0.036124795,0.015238095,0.039531479,0.075657895,0.032449545,0.078527395,0.025819827,0.045306122,0.019056261,-0.000508647,0.03283369,0.005,0.019926199,0.024464832,0.060874704,0.03715847,0.032094595,0.037242731,0.010242086,0.033798677,0.01991342,0.030098599,0.012965964,0.06291976,0.035536603,0.0511883,0.034902597,0.058413719,0.062712307,0.02045728,0.023265834,0.028108108,0.033413462,0.015579357,0.041162228,0.013065327,0.011042945,0.030515609,0.097287883,0.032626427,0.038394415,0.007882883,0.063383971,0.059192825,0.049363868,0.049674014,0.011274935,0.036040132,0.02380235,0.004301075,0.025906736,0.046759259,0.029250457,0.034599156,0.046550291,0.018570102,0.022264033,0.048278591,0.029479621,0.033091375,0.028417164,0.04445703,0.061565523,-0.002425222,0.031468531,0.02810768,0.024760971,0.010104412,0.006101695,0.033050847,0.027955272,0.03891258,0.058145626,0.023206751,0.024029575,0.025341131,0.028830313,0.024866785,0.031424581,0.039787798,0.034104917,0.037581699,0.037267081,0.029965753,0.034660767,0.011444479,0.065363128,0.048145738,0.038304808,0.032055749,0.017577197
15/08/2011,0,0.006993007,0.00589391,0.048039757,0.02189781,-0.010456274,0.003433703,-0.011882427,0.002253521,0.016909516,0.011881947,-0.020566239,0.003123278,0.010152284,0.00445236,0.037913486,0.007601935,0.027202297,0.002894356,0.020149254,-0.005571031,0.001053741,0.015384615,0.007874016,0,0.006396588,0.009337861,-0.00302267,0.0136,-0.001330229,-0.003431709,0.04115942,0.005490196,0.023797468,0.000983526,0.003930818,-0.006105263,0.000525762,0.001395673,0.016299137,0.022093023,0.010912698,0.008980583,0.021443159,0.017687075,0.031068984,0.022689076,0.010614525,0.034482759,-0.020745131,-0.001939864,-0.017154688,0.02915952,0.020187244,0.000294291,0.012847966,0.008417508,0.005749668,0.011545293,0.014681892,0,0.000911577,0.011349693,-0.011325028,0.00373506,0.013019219,0.001105278,0.001491121,-0.002485501,0.001620746,-0.003389831,0.031189834,0.007177033,-0.000333444,0.026280323,0.012305168,-0.020979021,0.001026167,0.020792079,0.003608247,0.008122744,0.007604563,0.01521217,-0.014904679,0.011509817,-0.008503401,0.004115421,-0.001338583,0.013972056,-0.004156276,0.015680684,0.021406728,0.009438909,-0.009931719,0.005494505,0.011478731,0.020074697
16/08/2011,-0.006968641,0.005106209,-0.001953125,0.015279241,-0.025396825,0.009606148,-0.006843906,-0.005063291,-0.005059022,0.002122767,-0.009090909,-0.009544587,0.01978022,0.019327406,-0.035460993,-0.02623192,0.003429355,0.00373494,-0.02020202,-0.012435991,-0.008403361,0,-0.018375242,-0.015625,-0.011059908,0.014124294,0.004205214,0.008084891,-0.003157064,-0.020979021,-0.010330579,0.036191537,-0.001950078,-0.018793274,-0.027266028,0.002349256,-0.029866554,-0.012611666,0.032520325,-0.002830189,-0.015358362,0.00686948,-0.01635795,-0.007997334,-0.009135472,-0.007150153,-0.016433854,-0.019900498,-0.02,0.022481626,-0.002915452,0.000902799,-0.005,-0.009807858,-0.001176817,0.020436927,0.001669449,-0.007475814,0.024582968,-0.022508039,0.011119936,0.000910747,0.003639672,-0.017563956,-0.004961548,-0.011627907,0.011040574,0.009474824,0.007475083,0.041262136,0.005102041,0.000373413,0.006175772,0.009006004,-0.001969796,-0.006482982,-0.011111111,0.006150692,0.030067895,0.002568053,0.008057296,0.004716981,-0.002365931,0,-0.022088353,0.011149228,0.012860979,0.006596757,0.001476378,-0.010851419,-0.029473684,0.005688623,-0.008831169,-0.014420063,-0.022123341,-0.008678238,-0.010526316
17/08/2011,-0.021988304,0.004267425,0.015655577,-0.01141671,0.015350163,-0.020932445,-0.02941956,-0.008905852,-0.011864407,0.006178288,0.010703364,-0.042125551,-0.016343391,-0.008342814,-0.002757353,0.008559919,-0.002734108,-0.010923058,-0.008100147,-0.012592593,-0.004519774,-0.005263158,-0.012807882,-0.004126984,-0.001863933,0.001392758,-0.00921273,-0.001503759,0.037212985,-0.001360544,-0.011830202,0.056421279,-0.009769441,0.020665323,-0.002525253,-0.00078125,-0.03209607,-0.000532198,-0.03712036,-0.004730369,-0.03812825,0.002436647,-0.015896307,0.005038629,0.010119181,0.008230453,-0.015037594,-0.007332205,0.014577259,-0.00422833,-0.000974659,-0.01232712,0.007537688,-0.000810936,0.000589102,0.00448895,0.006666667,-0.00664599,-0.013710368,-0.037828947,-0.024351925,-0.024567789,0.004533092,-0.038087835,-0.00623286,-0.00123839,-0.021294021,0.008581389,0.005770816,0.000777001,-0.002538071,0.013811124,0.009915014,0.005950413,-0.020394737,-0.013050571,-0.014446228,0.010188487,-0.051318267,-0.006659836,0.015097691,-0.004694836,0.003952569,-0.00070373,0.002053388,0.006785411,0.008372093,0.003263708,0.018181818,-0.007594937,0.01373825,0.000297708,0.014150943,-0.005725191,-0.002123481,0.01010101,0.000925069
18/08/2011,-0.050466396,-0.069607446,-0.002890173,-0.02519685,-0.061635321,-0.069582119,-0.044238121,-0.08279846,-0.079473985,-0.037368421,-0.040090772,-0.114688129,-0.022640131,-0.050478011,-0.033179724,-0.056415377,-0.045921864,-0.029126214,-0.075723831,-0.048012003,-0.052780931,-0.056084656,-0.014637392,-0.086707045,-0.038281979,-0.030598053,-0.026204565,-0.068273092,-0.038931298,-0.038828338,-0.043661972,-0.064089522,-0.038674033,-0.070123457,-0.100126582,-0.021892103,-0.019174374,-0.044728435,-0.060747664,-0.061311787,-0.06966967,-0.013612056,-0.05889662,-0.033088235,-0.042297418,-0.053571429,-0.072094996,-0.065909091,-0.082375479,-0.052229299,-0.069268293,-0.092541857,-0.063175395,-0.063768116,-0.04062408,-0.020281884,-0.023178808,-0.02720785,-0.039965248,-0.031623932,-0.049919485,-0.031716418,-0.023164862,-0.070707071,-0.032112393,-0.046703864,-0.029288703,-0.070858814,-0.045081967,-0.003881988,-0.04495335,-0.018777614,-0.060308555,-0.020703253,-0.042310275,-0.052066116,-0.056596091,-0.040847201,-0.049131514,-0.054667354,-0.037620297,-0.028301887,-0.041732283,-0.062323944,-0.031420765,-0.043807919,-0.08302583,-0.033051399,-0.022683398,-0.013605442,-0.076319544,-0.033035714,-0.064599483,-0.057581574,-0.0384,-0.036666667,-0.101663586
19/08/2011,-0.011083123,-0.026315789,-0.014492754,0,0.010512821,0.023605598,-0.008285714,0.718460462,-0.020807453,-0.004373975,-0.001182033,-0.022207792,-0.025593125,-0.017317761,-0.003813155,-0.015873016,-0.014367816,-0.02525,-0.031325301,-0.013396375,-0.028759736,-0.023542601,-0.003038488,-0.017801047,0.003883495,-0.020803443,-0.034722222,0.017241379,-0.023828435,-0.08681786,-0.020618557,0.070652174,-0.002873563,-0.025491237,-0.021100014,-0.006794564,-0.024379025,-0.062987737,0.018656716,-0.029367089,-0.047127179,0,0.001848429,0.016591773,-0.008135751,-0.01509434,-0.010054845,-0.01946472,-0.008872651,-0.005376344,0.004192872,-0.04797048,-0.007985803,-0.034365325,-0.001841056,-0.018245614,0.000847458,-0.012838148,-0.016289593,0.030891439,-0.027966102,0.00867052,-0.012935017,-0.086956522,-0.023587351,0.025363104,-0.02183908,-0.01802833,-0.006008584,0.030397506,-0.000888099,-0.040150094,0.002487562,-0.005369128,-0.020336606,-0.013949433,0.017695296,-0.000525762,-0.002609603,-0.009819967,0,-0.002912621,-0.002465078,0.023282013,-0.007757405,0.005286344,-0.033199195,-0.003498856,-0.008888889,-0.014655172,-0.025482625,-0.015389351,-0.044198895,-0.046843177,-0.018302829,-0.011072664,-0.020884774
22/08/2011,0.009169638,0.004914005,0.020588235,-0.001615509,0.025120528,0.004081633,0.008354941,0.012346886,0.008563273,0.033131979,0.018145957,-0.028755479,0.035276074,0.013934426,0.018181818,0.009946237,0.024781341,0.000769428,-0.012437811,-0.005591054,0.004318322,0.004592423,0.013850322,0.02949538,0.039651838,0.005860806,0.008093525,0.02065678,-0.001627339,-0.038028716,0.004511278,0.035025381,0.002881844,-0.023433243,0.020261532,0.034205231,0.016737388,-0.003569304,0.037851038,0.002086594,0.016260163,0.009364219,0.012387981,0.026521591,0.022732599,0.011494253,0.007386888,0.019230769,-0.025276461,0.013963964,0.013048017,-0.028893587,0.01431127,0.018275088,0.012911159,0.017869907,0.016934801,0.028332559,0.012879485,0.036815068,0.017436792,0.024832856,0.014976599,-0.063333333,0.01884789,0.014164905,0.002056404,-0.003059886,0.013816926,0.039334342,0.004444444,-0.001563722,0.014640199,0.017881242,0.012884753,0.016799293,0.022900763,0.027880063,0.019884877,0.009366391,0.020909091,0.016553067,0.015650741,-0.024587156,0.019900498,-0.001752848,-0.016129032,0.031735314,0.016452417,0.015748031,-0.015847861,0.019068459,-0.00982659,0.017094017,-0.019491525,0.017494752,-0.019228749
23/08/2011,-0.007319536,-0.009557679,0.007684918,-0.007011866,-0.004950495,0.044715447,0.011428571,0.003218021,0.002515723,0.007452162,0.002712127,-0.005470085,0.009259259,0.0109135,-0.00093985,0.006121906,0.03485064,0.014992312,0.005877414,-0.006425703,-0.006142506,0.002857143,0.013393901,0.014497756,-0.00744186,0.005098325,0.000892061,0.017644006,-0.008149959,0.030657523,0.003742515,-0.076998529,0.085385878,-0.012276786,0.035070423,0.007782101,-0.003941572,-0.019104478,0.006588235,-0.005726184,0.014666667,0.009765625,0.012757095,-0.000662471,0.013978002,0.014069264,0.021998167,0.014607425,0.002160994,0.006663705,-0.017516744,0.031930334,0.009700176,-0.012279597,-0.004855842,-0.000351124,-0.008326395,0.009033424,0.012715713,-0.009909166,0.011139674,-0.006523765,0.010144482,0.016776817,0.016935904,0.003543882,0.009967751,0.001461561,-0.005110733,-0.033478894,0.009734513,0.001174628,0.020787479,0.003977461,0.009893993,0.008695652,0.016583748,0.012794268,-0.003591585,0.001637555,0.002671416,0.019157088,0.00648824,-0.005643341,-0.000696864,0.000877963,0.003172924,-0.012565445,0.000970579,-0.001722653,-0.013687601,0.010122699,0.004670169,0.004901961,0.002592913,-0.006189821,0.00514249
24/08/2011,0.014492754,0.026481149,0,-0.005431831,0.019900498,0.031128405,0.019491525,0,0.026976161,0.010717439,0.0312983,0.028532142,-0.011009174,0.013594562,0.013170273,0.022486772,0.005498282,0.008079788,0.010016694,0.024252223,0.043881335,0.034757835,0.015161503,0.024157877,0.012183693,0.006521739,-0.003565062,0.101988781,0.015891537,-0.015264188,0.002237136,-0.005313496,0.027231467,0.036723164,0.06028031,0.018532819,-0.009776536,0.010346926,0.033426835,0.014659686,0.032194481,-0.011121857,0.034190231,0.018561485,0.032090395,0.032347919,0.020627803,0.026394721,0.022102426,0.020300088,0.051914001,0.058720113,0.019213974,0.032196366,0.00884416,0.009483667,0.026028547,0.020590868,0.025112108,0.029190992,0.025423729,0.014071295,-0.005173463,0.0935,0.01050474,0.018280017,0.012772134,0.023204904,0.030821918,-0.034638554,0.014022787,0.012905749,0.017728797,0.008583691,0.020993702,0.018965517,0.002039152,0.016675088,0.028836251,0.019618529,0.010657194,-0.039473684,0.019339243,0.010215664,0.016039052,0.01754386,0.066768582,0.000265111,0.000489716,0.012079379,0.030204082,0.020346189,0.015688553,0.016724739,0.074137931,-0.002768166,0.022170113
25/08/2011,-0.019548872,0.006340184,-0.004766444,-0.043145822,-0.019512195,-0.002830189,0.002493766,0.003608661,-0.026267563,-0.019314425,-0.023604346,0.055481283,-0.010575139,-0.038658777,-0.022284123,0.016817594,-0.011619959,-0.032936756,0.00661157,-0.018153118,-0.031971581,0.005506608,-0.032792208,-0.022591362,-0.013888889,-0.010799136,0.046511628,-0.046274873,-0.005128039,-0.012718601,0.000744048,-0.029380342,-0.033873343,0.023433243,-0.002823409,-0.018574678,-0.049365303,0.004216867,0.009726306,-0.004643963,0.028007638,-0.021515892,-0.018394233,0.024731533,-0.021239326,-0.012726013,-0.018453427,-0.026300409,0.051687764,-0.03416955,-0.011964108,0.029226171,-0.001713796,0.013588635,-0.044437727,-0.025748086,-0.035188216,-0.01622807,-0.019247594,-0.026742301,-0.027272727,-0.016651249,-0.019883757,0.055326932,-0.014452333,-0.012647899,-0.014044139,0.012694337,-0.02076412,-0.021840874,-0.026793431,-0.00965251,-0.007297552,-0.031096563,-0.026045236,-0.025380711,-0.021978022,-0.02833002,-0.036536537,-0.003741315,0.002636204,-0.021526419,-0.022924901,-0.01011236,-0.017158545,-0.010344828,-0.012679996,-0.025178903,-0.014194812,-0.011082694,-0.006339144,0.00297619,-0.016590389,-0.002741604,-0.019261637,-0.006245663,0.019603754
26/08/2011,-0.007157464,0.014772974,0.005747126,-0.030251142,0.004975124,0.008514664,0.004698729,0.002397123,-0.022584693,-0.0023066,-0.001534919,0.000633312,0.011625727,0.009848174,-0.004748338,-0.003053435,-0.001383126,0.000518001,0.032019704,0.000803859,-0.01529052,0.006024096,-0.007049345,0.018014956,0.003755869,0.000727802,0.018803419,0.00727802,0.01300813,-0.012077295,-0.005947955,0.032471106,-0.008384146,-0.002662407,-0.029214929,-0.004248745,-0.004698318,-0.019796041,0.008960573,0.008294453,0.014241486,0.001999,0.028361611,0.012702445,0.008948546,0.004712042,0.035810206,-0.035414166,-0.006018054,0.001791312,-0.009081736,-0.040980962,0.008583691,-0.005789153,-0.019930402,0.000714286,0.021204411,-0.005795809,0.008028546,0.021648626,-0.026338148,0.000940734,0.00093633,-0.051993068,0.00591716,0.003512397,-0.008430233,-0.007605634,0.02374894,0.011164274,-0.011545293,-0.015204678,0.007825468,-0.013513514,0.006333568,0.006944444,0.011652102,-0.017391304,-0.002077922,-0.00751073,0.006134969,-0.0162,0.000809061,-0.011350738,-0.002094972,-0.008710801,0.000500501,-0.005981512,0,0.001724138,-0.006379585,-0.039169139,0.005235602,0.002749141,-0.013404255,0.008379888,0.001943138
30/08/2011,0.046086509,0.063155641,0.006666667,0.033549147,0.058580858,0.022514071,0.057771664,0.001195695,0.058087291,0.019028988,0.03074558,0.046835443,0.009823911,0.036164161,0.038167939,0.042623788,0.078947368,0.029251877,0.051710422,0.037751004,0.017391304,0.066412629,0.00540906,0.057429048,0.016838167,0.024727273,0.01090604,0.047206166,0.059390048,0.038712306,0.015706806,0.065565032,-0.001152959,0.048051255,0.059392815,-0.001939488,0.011503106,0.040391677,0.044404973,0.051928021,0.036630037,-0.000498753,0.040137897,0.029162747,0.022838137,0.032308494,0.032843561,0.039203485,0.060544904,0.032632991,0.057026477,0.077725437,0.085106383,0.029727245,-0.001291156,0.0206995,0.018272425,0.025112108,0.046902655,0.057864711,0.043630017,0.026315789,-0.002806361,0.087751371,0.025575448,0.016265184,0.020521841,0.042719273,0.022369511,0.020504732,0.017969452,0.016231196,0.029647059,0.00239726,0.035664336,0.031034483,0.015220074,0.005726184,0.036959917,0.022702703,0.039198606,0.026631429,0.02829426,0.042479908,0.010496851,0.014059754,0.026513257,-0.002188184,0.005461768,0.018072289,0.073033708,0.003705991,0.074074074,0.045921864,0.043446525,0.028393352,0.046749005
31/08/2011,0.004430224,0.034031414,0.013245033,0.040432802,0.036632892,0.04587156,0.045149545,0.003144904,0.031240522,0.019197208,0.026472782,0.032345828,0.00715859,0.044705882,-0.009191176,0.031089351,0.026957638,0.012198189,0.039712557,0.02244582,0.047008547,0.025523226,0.006052455,0.057151879,0.013799448,0.007097232,0.029045643,0.030358786,0.033333333,-0.007453903,0.036082474,0.050525263,0.004232397,0.029037188,0.054811663,0.018655266,0.041903078,0.028235294,0.009991497,0.022482893,0.051825677,0.018962076,0.022727273,0.035953687,0.019943638,0.018970217,0.025104603,0.020958084,0.038058991,0.023809524,0.011560694,0.049016547,0.029803922,0.025297619,0.041370394,0.01048951,0.013050571,0.032370954,0.013524937,0.053158706,0.037625418,0.019230769,0.024077548,0.019747899,0.029925187,0.01904376,0.016661879,0.034980264,0.037277147,0.002318393,0.012356575,0.0377873,0.020109689,0.024598565,0.002025658,-0.005016722,0.021474878,0.028467909,0.017068273,0.053382664,0.048616932,0.015841584,0.022012579,0.027900147,0.017313019,0.005199307,0.047758285,0.037828947,0.019259259,0.014370245,0.051608078,-0.009230769,0.038577586,0.049803408,0.023847377,0.014141414,0.052169673
01/09/2011,0.002205342,0.004673807,0.014005602,0.000547345,0.014285714,-0.007017544,0.016523167,0.00202389,-0.000294118,-0.001369863,-0.003632401,0.056222548,0.012392929,-0.006006006,-0.014842301,-0.002374169,0.015625,-0.034662691,0.006184067,0.018925057,0.011661808,-0.013937282,0.00434492,-0.011648746,0.001814882,0.009161381,0.012096774,-0.008035714,-0.007331378,0.004743083,0.002842928,-0.037142857,0.036015326,-0.006435644,-0.007592834,0.013735216,0.198755275,0.006864989,0.00315723,-0.002868069,0.002239642,0.02301665,0.022453704,-0.019411765,0.021466525,0.007143636,-0.025306122,0,-0.013748854,0.021141649,0.001904762,0.061607143,-0.017517136,0.01509434,0.000931099,0.016955017,0.003220612,0.000847458,0.011676397,-0.011704462,-0.009669621,0.008086253,0.007328244,0.0815822,0.004842615,0.015904573,0.004521051,-0.008811152,0.0140625,-0.01387818,0.006102877,0.015015015,0.018145161,0.007669223,0.005390836,0,0.013090044,0.004529441,0.004442251,0.010536879,0.002398082,-0.001949318,-0.004615385,0.007142857,-0.006807352,0.012931034,0.031627907,0.006075013,0.005426357,-0.005,-0.004978663,0.021118012,0.019921145,0.011235955,0,0.001992032,-0.027803522
02/09/2011,-0.020782396,-0.047102152,-0.018416206,-0.030087527,-0.036323202,-0.027385159,0.006364749,0,-0.043542218,-0.036522634,-0.028436019,-0.084003327,-0.005760576,-0.017371601,-0.030131827,-0.032841504,-0.026461538,-0.036293436,-0.047722343,-0.0297474,-0.036887608,-0.044422009,-0.016638935,-0.035962526,0.000905797,-0.00698324,-0.011952191,-0.01440144,-0.02732644,-0.031471282,-0.001417434,0.005440158,-0.011464497,-0.039511709,-0.066706515,-0.022581859,-0.017699115,-0.051136364,-0.020981956,-0.025886865,-0.046927374,0.001436094,-0.036902875,-0.019796041,0.000832293,-0.026561731,-0.041038526,-0.029325513,-0.033457249,-0.022774327,-0.040874525,-0.071488646,-0.027131783,-0.024306548,-0.023565891,-0.006464784,-0.006420546,-0.00381033,-0.042044518,-0.031088083,-0.028478438,-0.03030303,-0.000909366,-0.053714286,-0.018554217,-0.016634051,-0.013220816,-0.02507629,-0.027734977,0.043002346,-0.02339688,-0.018121302,-0.02530253,-0.015883521,-0.007372654,-0.014285714,0.000391543,-0.016533066,-0.027027027,-0.032274081,-0.001594896,0,-0.013910355,-0.025886525,-0.012337217,0.000851064,0.00270514,-0.015358362,-0.01310717,-0.008375209,-0.020014296,-0.01216545,-0.059003052,-0.035802469,-0.040372671,-0.009940358,-0.02907531
05/09/2011,-0.030961298,-0.036411717,-0.026266417,-0.028764805,-0.051538462,-0.030881017,-0.016297738,-0.002376238,-0.055367579,-0.024915465,-0.033395872,-0.06688862,-0.022451566,-0.051498847,-0.031650485,-0.038385827,-0.024020228,-0.02991453,-0.044039484,-0.018346657,-0.02214243,-0.033280507,-0.031133672,-0.04984326,-0.031674208,-0.017580872,-0.024193548,-0.032876712,-0.050873197,-0.045085297,-0.029098652,-0.023118544,-0.034792368,-0.060019713,-0.035609069,-0.026184059,-0.042042042,-0.051497006,-0.007929704,-0.022637795,-0.056271981,-0.024856597,-0.013634227,-0.014075887,-0.053638254,-0.029813037,-0.043668122,-0.053776435,-0.048557692,-0.038135593,-0.062933598,-0.074577295,-0.038247012,-0.035756155,-0.039695141,-0.023630137,-0.016155089,-0.020824479,-0.030981067,-0.022918258,-0.054438861,-0.022058824,-0.034283981,-0.123188406,-0.043456911,-0.026666667,-0.033352338,-0.050489929,-0.037242472,0.009745127,-0.030168589,-0.042937853,-0.026185102,-0.03463349,-0.0243079,-0.023017903,-0.030528376,-0.025471218,-0.038383838,-0.040533607,-0.051916933,-0.033789063,-0.021943574,-0.053876957,-0.014573213,-0.030612245,-0.033273381,-0.036795094,-0.026855469,-0.014358108,-0.039387309,-0.015763547,-0.044864865,-0.030089629,-0.03802589,-0.02476573,-0.059990182
06/09/2011,-0.004380314,0.006122018,0.015414258,0.003484321,0.00162206,0.004686036,-0.015331355,-0.000396983,-0.017258222,0.010950903,0.026397516,-0.022056439,0.016669754,-0.009319287,0.000802085,0.012026612,0.016839378,0.023265419,0.010325655,0.007020281,-0.004895961,0.020218579,0.00174642,0.007588255,0,-0.004294918,0.008264463,-0.013220019,0.0088,0.025095704,0.002192982,0.039274924,-0.012015504,-0.018211921,0.023243459,0.018189008,0.017575758,-0.017676768,0.000216029,0.012084592,-0.016770186,0.031862745,-0.015729266,0.000310366,0.005711775,-0.0046875,-0.01826484,0.001915709,0.004042446,-0.006167401,-0.006345849,0.003262643,0.001657001,-0.03343465,-0.001984127,0.02209751,0.009852217,0,0.009769094,0.001563722,0.015057573,0,0.007225888,-0.028007346,0.015400411,-0.013289716,0.002359186,0.017342697,0.01399177,0.03043801,0,-0.008658009,0.010431154,0.006269592,-0.006228374,0.008726003,0.000403714,0.017250392,0.008928571,-0.006951872,0.00926706,0.004244997,0.016826923,-0.00346287,0.005633803,0.012280702,0.010232558,0.021453287,0.014049172,0.003427592,0.018982536,0.001939439,-0.006225241,-0.003960396,-0.004205214,0.072752231,0.020785461
07/09/2011,0.025621118,0.038816618,0.020872865,0.040509259,0.070283401,0.053171642,0.006780512,-0.001191422,0.044400265,0.030871999,0.040468986,0.061028192,0.008016032,0.05807771,0.032859146,0.029582807,0.01910828,0.039956949,0.053459119,0.045701007,0.044280443,0.059989288,0.040097629,0.044859201,0.028037383,0.026599569,0.004098361,0.054545455,0.05075337,0.054356846,0.028446389,-0.007291667,0.012946253,0.068015739,0.05334891,0.022524272,-0.001458175,0.043701799,0.036285097,0.033830846,0.038534428,-0.019002375,0.034624697,0.023580515,0.021625164,0.033490319,0.026046512,0.035054175,0.056869653,0.046542553,0.031931879,0.064390244,0.042183623,0.030188679,0.039761431,-0.006863418,0.028455285,0.005642361,0.037818821,0.072599532,0.032286213,0.029135338,0.027760449,0.060935286,0.035136502,0.022585993,-0.003824654,0.025641026,0.038149351,-0.023054755,0.026532479,-0.000793966,0.021335169,0.015922465,0.028551532,0.009515571,0.027845036,0.027235355,0.035918792,0.037695207,0.016694491,0.02757649,0.021276596,0.049420849,0.031512605,0.02339688,0.078268877,0.015447154,0.003958436,0.027327071,0.035767511,0.019044646,0.062642369,0.066269052,0.043918919,0.030070377,0.054947304
08/09/2011,0.008579359,0.011916784,0.006505576,0.021690768,0.029656529,0.045172719,0.047642804,0.000795229,0.017766497,0.000525394,0.0087241,-0.005939356,-0.00144587,0.017781214,0.010669253,0.001473477,-0.00375,0.005174644,-0.004477612,-0.008888889,0.008244994,-0.002526529,0,0.019116264,0.008181818,0.013305322,0,0.039473684,-0.004528302,0.023612751,0.012056738,0.047853779,0.024786987,-0.009473684,0.075785582,-0.000379795,0.035582065,-0.001231527,0.018340975,-0.003849856,-0.00486618,-0.002421308,0.000468055,-0.003940588,0.009193928,0.009113924,0.01631913,-0.012931034,0.024761905,-0.000423549,0.008767406,0.005194012,-0.015873016,-0.008547009,0.02581262,0.042156185,-0.004743083,0.01337937,-0.005932203,0.008005822,0.002535926,0.005479452,-0.00091047,0.012466607,0.006105006,-0.004457953,-0.003839338,0.015659341,-0.007818608,0.038348083,0.020499109,-0.007945967,0.00359389,0.008517888,-0.02098849,-0.014567266,0.007067138,0.009504752,0.001005025,0.00363259,-0.005747126,0.005876592,-0.005401235,0.013245033,-0.008825526,0.022015241,0.047822374,0.012943688,-0.008871365,-0.007481297,0.043884892,0.004289216,0.001071811,-0.007458048,0.012944984,-0.00310559,-0.005819593
09/09/2011,-0.027270453,-0.040319361,-0.012003693,-0.01034295,-0.052902278,-0.016101695,-0.023095238,0.000397298,-0.056421446,-0.021004726,-0.018018018,-0.094339623,-0.011945701,-0.035700722,-0.014395393,-0.038254046,-0.017565872,-0.027027027,-0.03898051,0.021674141,-0.031542056,-0.024822695,-0.019443513,-0.020295203,-0.017132552,-0.004837595,-0.020408163,-0.056307289,-0.021986353,-0.034986544,-0.025928521,0.001397299,-0.002267574,-0.04303932,-0.051546392,-0.00743921,-0.028957299,-0.062885327,-0.026811298,-0.023188406,-0.026283619,0.00776699,-0.030175439,-0.018563603,-0.004872881,0,-0.063336307,-0.017467249,-0.053903346,-0.016525424,-0.038854806,-0.056534954,-0.032258065,-0.025862069,-0.022988506,-0.00596817,-0.011914218,-0.000425894,-0.047740835,-0.012274368,-0.044047218,-0.023614896,-0.006986634,-0.054529464,-0.020631068,-0.022186037,-0.023124815,-0.035975115,-0.01891253,0.004261364,-0.034061135,-0.014417301,-0.01656222,-0.034797297,-0.042876902,-0.03826087,-0.015204678,-0.020317146,-0.045180723,-0.033092037,-0.018166804,-0.015579357,-0.010861133,-0.038126362,-0.004109589,-0.001657001,0.151589242,-0.028191279,-0.014420686,-0.008375209,-0.061337009,-0.011592434,-0.033190578,-0.027551659,-0.03115016,-0.019314642,-0.03697561
12/09/2011,-0.017489712,-0.018926789,-0.01682243,-0.019251925,-0.024825446,0.016365202,-0.025347307,-0.000397141,-0.044598612,-0.020740211,-0.005504587,-0.011805556,-0.01666972,-0.021662072,-0.016553067,-0.014023457,-0.026181354,-0.006613757,-0.018720749,-0.014630578,-0.021109771,0.003116883,-0.011623932,-0.019146265,-0.013761468,-0.020138889,-0.01,0.050416281,-0.034883721,-0.037848606,-0.01294964,-0.074883721,0,-0.023320378,-0.015217391,-0.02197962,-0.046060705,-0.025657895,-0.014721346,-0.016815035,-0.023854363,-0.020712909,-0.026531597,-0.011782946,0.014690228,-0.026593076,-0.016190476,-0.026031746,-0.019155206,0.003015941,-0.032978723,-0.015463918,-0.0225,-0.032869785,0.001589825,-0.019346231,-0.009646302,-0.003408607,-0.011638317,-0.034356725,0.001975727,-0.013953488,-0.014989293,-0.033953488,-0.013630731,-0.019983347,-0.030349014,-0.015151515,-0.026506024,-0.022630835,-0.024412297,-0.0438846,-0.012289486,-0.035351768,-0.040462428,-0.034358047,-0.016627078,-0.017703591,-0.01787592,-0.022459893,-0.015979815,-0.012462908,-0.016470588,0.007172518,-0.023383769,-0.030705394,-0.011323425,-0.013962315,-0.020686176,-0.016891892,-0.02349486,-0.024691358,-0.028792913,-0.00386349,-0.027205276,-0.017153748,-0.006483639
13/09/2011,0.001308901,0.021411914,0.007604563,0.007291082,0.000795545,-0.005932203,-0.037259315,0.005164879,0.024550484,0.008216177,0.006642066,0.011946592,0.009687034,-0.004428341,-0.006930693,0.009568141,0.006557377,0.016245007,0.028616852,0.011878248,0.013555145,0.028482651,0.011760636,-0.0816,0.006511628,0,0.005892256,0.004403347,0.018473896,0.026915114,0.001457726,-0.029663147,-0.01969697,-0.005116543,0.007480991,0.005479452,-0.019511149,-0.010803511,-0.014514408,-0.007545272,0.027652733,0.010329562,0.004930624,0.006275494,0.020142677,-0.002061856,0.037754114,0.014341591,0.017526289,0.004725086,0.01320132,0.041557592,0.005967604,-0.003267974,0.011428571,-0.003401361,0.00487013,-0.001710133,0.016304348,-0.002271007,0.014964789,0.009433962,0.005900621,0.053442465,0.012562814,-0.006159728,0.008137715,-0.014245014,-0.004125413,0.008683068,0.005560704,0.010624734,0.001612903,0.004716981,-0.002259036,-0.007490637,0.023752013,-0.011328527,0.018736617,0.012582057,0.009401709,-0.006810897,0.010366826,0.003748126,0.019014085,0.011130137,-0.008589835,0.001099808,-0.009788769,0.003436426,0.00075188,0.012658228,0.002280502,-0.014221073,0.023728814,0.027795734,-0.019068013
14/09/2011,-0.00130719,0.00498132,0.005660377,0.021158129,0.001589825,0.020460358,0.012727273,-0.000395257,0.003712454,0.003078595,0.001466276,0.056388889,0.014206642,-0.001213101,-0.014955135,-0.001536885,-0.004560261,0.035377358,0.056414219,0.030080704,0.029787234,0.037260826,0.00957265,0.006968641,0.012014787,0.007087172,0.017573222,0.014028935,0.018927445,0.022177419,0.023289665,-0.001554404,0.003863988,0.049142857,0.023980523,-0.003892565,-0.006560245,0.044846416,0.009876543,0.061327927,0.002503129,-0.020447907,0,0.018397256,0.018099548,0.006198347,0.05130597,0.014138817,0.016732283,0.024369389,0.004885993,0.052466227,-0.016101695,0.033114754,0.024795982,-0.000341297,0.009693053,0.063383298,0.010695187,0.015933232,0.018213356,0.007476636,0.009570855,0.042047532,0.008933002,0.025219064,0.009003415,0.023485549,0.012427506,-0.005021521,0.011981567,0.015559294,0.022084196,0.006861683,0.005283019,0.011320755,0.003539127,0.015625,0.003678403,0.021069692,0.011007621,-0.007059298,0.011049724,-0.010082151,0.01658604,0.00592718,0.019494585,0.005081022,0.020811655,0.017979452,0.028549962,0.014375,0.017633675,-0.002622951,0.017384106,0.010691824,0.039189189
15/09/2011,0.021465969,0.031185461,0.015947467,0.031624864,0.024603175,0.019214703,0.036163119,0,0.030262273,0.013179274,0.021229868,0.038653694,0.002546844,0.021862348,0.030364372,0.018984094,0.030104712,0.027587952,0.065837601,-0.003561254,0.020661157,0.010679612,0.013884186,0.022145329,0.00913242,0.016185785,0.006578947,0.038045828,0.023219814,0.035897436,0.025604552,-0.010378827,0.014241724,0.049836601,0.039586305,0.010160219,0.032137354,0.02371464,0.019388324,0.019102197,0.041822722,-0.003976143,0.019970907,0.020514391,0.006060606,0.026694045,0.014196983,0.043726236,0.031945789,0.047996661,0.047541869,0.071940299,0.047372954,0.01459854,0.013169985,0.00102424,-0.0088,0.042287555,0.017636684,0.038088125,0.02044293,0.029684601,0.001529052,0.040350877,0.032956222,0.022930999,0.022461538,0.018281629,0.008183306,-0.029560202,0.037340619,0.020703934,0.006977268,0.012912482,0.003003003,0.010261194,0.014890282,0.015384615,0.02565445,0.025925926,0.001675042,0.017672151,0.015612802,0.040362127,0.012236574,0.02020202,-0.008498584,0.013663069,0.001529052,0.009251472,0.032140248,0.006469501,0.040804919,0.019066404,0.018714402,0.020535159,0.039311794
16/09/2011,0.012045105,0.010815141,0.032317636,-0.002642706,0.01626646,-0.024590164,-0.004455446,0,0.01305483,0.015324305,0.018996416,0.034177215,0.01306478,0.01703645,0.002946955,0.008056395,0.004447268,0.018596059,0.005490734,-0.016440315,0.016772701,-0.003842459,0.002004008,0.00169262,0.011764706,0.015927978,0.008169935,-0.012078301,0.009833585,0.023990861,-0.013176144,-0.013109596,0.0056926,0.009597925,0.039908519,0.012642166,-0.01172958,0.008934269,-0.00610141,0,-0.032354703,0.010978044,-0.008919722,0.00870087,0.069277108,0.0205,-0.004374453,0.016393443,-0.013133208,0.009557945,0.035585353,-0.00278474,-0.014802632,0.001251173,0.012696493,-0.002387449,0.001614205,0.011591963,0.003466205,0.016546763,0.010851419,0.025225225,0.007022901,0.023187184,-0.003333333,0.013653964,0.002407463,0.005268996,0.006493506,0.033432392,0.002633889,0.023123732,-0.000894055,0.012393768,-0.009730539,0.003693444,0.015057915,0.008585859,0.007146503,0.011861784,-0.010033445,0.028942116,0,-0.002175489,-0.000671592,0.009075908,-0.003571429,0.007682976,-0.003562341,0.004166667,0.006369427,0.003367003,-0.009129968,-0.00516129,0.00399361,0.000609756,0.001924928
19/09/2011,-0.02279058,-0.046166039,-0.016994633,-0.035506094,-0.089939024,0.002521008,-0.034062655,0.000790826,-0.025773196,-0.018076518,-0.015124868,-0.035495716,-0.01003045,-0.01986755,-0.019588639,-0.033466533,-0.011385199,-0.014871237,-0.010238908,-0.013081395,-0.027872582,-0.029411765,-0.023,-0.033119297,-0.010733453,-0.011588275,-0.021069692,-0.031197302,-0.032958801,-0.038304202,-0.023190443,-0.007970244,-0.027924528,-0.027235355,-0.025731251,0.001650316,-0.044885628,-0.024667932,-0.018839966,-0.004686036,-0.042105263,0.005923001,-0.026585366,-0.00892326,-0.058215962,-0.02988731,-0.004393673,-0.031063321,-0.071292776,-0.003550296,-0.03436255,-0.066741134,-0.026711185,0.035613871,-0.01880597,0.001025641,0.00886382,-0.000381971,-0.026770294,-0.036801132,-0.031379026,-0.001757469,-0.008489994,-0.057272353,-0.0169613,-0.015882589,-0.031522065,-0.033103448,-0.02016129,0.01581596,-0.014886165,-0.024583664,-0.020134228,-0.01853795,-0.026455026,-0.028518859,-0.021681248,-0.006009014,-0.024328434,-0.028542304,0,-0.022308438,-0.017678709,-0.028343023,-0.008736559,-0.013082584,-0.02437276,-0.016185126,-0.005107252,-0.002489627,-0.066104079,-0.015863331,-0.034146341,-0.022697795,-0.019888624,-0.019500305,-0.067723343
20/09/2011,0.025136046,0.019941836,0.020928116,-0.001098901,0.015075377,0.037720034,0.055341055,0,0.017526455,0.020911528,0.023928571,-0.021256345,0.028586937,0.014705882,0.028971029,0.015503876,0.019193858,0.004540992,0.034482759,0.014727541,0.024575775,0.06557377,0.024223814,0.036350926,0.012658228,0.009655172,0.032284768,0.018276762,0.0116189,0.013534416,0.027338129,0.040707017,0.027562112,0.010036978,0.019300226,0.017162471,0.084952553,-0.025940337,0.018338727,0.028248588,0.032967033,0.026987242,-0.00400902,0.008403361,0.003988036,0.019191919,0.046778464,0.031442663,0.015353122,0.027315914,0.010830325,0.024236984,0.017152659,-0.001508296,0.020991786,0.008196721,0.019968051,0.012227742,0.014196983,0.027920647,0.023017903,0.024647887,0.016207951,0.009178322,0.026245443,0.025536261,0.028580285,0.009272468,0.022222222,0.021231423,0.008888889,-0.00203252,-0.005479452,0.001425517,0.02173913,0.021780303,0.025272162,0.016120907,0.022857143,0.014690451,0.003378378,0.010912698,0.037558685,0.02131638,0.023050847,0.023198012,0.004408523,0.009245411,0.021047228,0.014975042,-0.017319277,0.016738996,0.018518519,0.00862641,0.00974026,0.03231821,0.020195775
21/09/2011,-0.016177958,-0.019755601,-0.016042781,-0.013751375,-0.080858086,-0.01453958,-0.044878049,-0.001975504,-0.041273968,-0.00017507,-0.001743983,0.015948136,-0.016358839,0.003525264,-0.011650485,-0.038931298,-0.009416196,-0.015271839,0.006,-0.008708273,0.003426613,-0.018181818,-0.022651566,-0.02529511,-0.033035714,0.006830601,-0.006415397,-0.011965812,-0.033690658,0.027088897,0.008403361,-0.004117344,0.00491122,-0.013075314,-0.033883291,0.000374953,-0.003331945,-0.003994674,-0.0125,-0.021978022,-0.000625782,0.004777831,-0.020880503,-0.026785714,-0.026415094,0.012388503,-0.001686341,-0.003586372,-0.026209677,-0.013487476,-0.023979592,0.05638329,-0.021922428,0.010876133,0.003277712,-0.015243902,0.013312451,-0.002265006,-0.023622047,-0.024303074,-0.005,-0.011168385,-0.006620524,0.01255955,-0.020127871,-0.004780876,-0.031703936,-0.050018375,0.006441224,-0.004851005,-0.014977974,-0.00814664,0.003213958,-0.023131673,-0.024316109,-0.024096386,0.005309063,-0.001983143,0.001523616,-0.002068252,-0.005892256,0.005888126,-0.007541478,-0.015378982,-0.004638834,0.008097166,-0.024871982,-0.019264448,-0.00100553,0,-0.01302682,-0.004268293,-0.025895317,-0.013157895,-0.004019293,-0.009030704,-0.050802949
22/09/2011,-0.048561151,-0.073343029,-0.022644928,-0.052426102,-0.056104129,-0.057377049,-0.087334014,-0.005047506,-0.064067797,-0.026790404,-0.037735849,-0.076000255,-0.037374821,-0.083138173,-0.058349705,-0.083134763,-0.029150824,-0.047146402,-0.098078197,-0.021229868,-0.043824701,-0.036087369,-0.036809816,-0.048096886,-0.029547553,-0.03256445,-0.028248588,-0.044117647,-0.097464342,-0.08320951,-0.036805556,-0.116795866,-0.038345865,-0.060943296,-0.048710602,-0.016866567,-0.085666527,-0.053475936,-0.054280197,-0.04494382,-0.068252974,-0.040893961,-0.057040082,-0.048929664,-0.055283558,-0.045521292,-0.048141892,-0.041391722,-0.123706004,-0.04921875,-0.044432828,-0.103982301,-0.073275862,-0.042737597,-0.038907039,-0.024767802,-0.024729521,-0.026106697,-0.075268817,-0.04981685,-0.070351759,-0.030408341,-0.036655559,-0.059024808,-0.034074432,-0.035428343,-0.038904451,-0.056704835,-0.0496,-0.071727019,-0.040250447,-0.033264887,-0.063157895,-0.04007286,-0.078660436,-0.073124406,-0.037721614,-0.021361153,-0.044117647,-0.049222798,-0.033022862,-0.042146341,-0.025075988,-0.041651171,-0.017310253,-0.025702811,-0.037884471,-0.021291209,-0.025163563,-0.013934426,-0.132763975,-0.02541335,-0.067307692,-0.042,-0.04196933,-0.030376671,-0.096084273
23/09/2011,-0.01026195,0.010313901,0.009267841,-0.009417304,-0.076557299,-0.000869565,-0.01351427,0.003879439,0.004346251,-0.001079525,-0.005809731,0.008287293,0.00390117,-0.010217114,-0.00521594,0.017326018,0.003916449,0.002734375,-0.014695077,0.002991773,0.004761905,0.010344828,0.01556971,0.014540167,-0.00190295,0.000701262,0.008305648,0.047058824,-0.027216857,0.011750405,0.002162942,-0.042715038,-0.005863956,-0.025395034,-0.00626506,-0.001524971,-0.01142596,0.003531073,-0.00907441,0.017647059,-0.024865591,0.034209222,-0.015258856,-0.018006431,0.031742604,0.009230769,0.02484472,-0.023779725,-0.038393385,-0.010682005,0.002188184,0.041666667,0.001860465,-0.010927256,0.01328801,0.002469136,-0.006339144,-0.003885004,0.007751938,-0.037779491,-0.015315315,0.015232975,0.005974843,0.037727273,-0.005003753,0.009753061,-0.025582902,-0.058359621,0.003367003,-0.047261815,-0.002795899,0.018691589,0.017342452,0.010626186,0.009298394,-0.006147541,0.010584085,-0.011167513,0.032891247,-0.00599455,0.011383538,0.007537177,0.000779423,-0.012805588,-0.008130081,-0.014839242,0.010526316,0.025122807,0.022715539,-0.004156276,-0.003581021,0.015394282,-0.062462098,-0.008350731,0.01347936,-0.000626566,-0.027663331
26/09/2011,0.001364256,0.004882379,0.044077135,-0.004159239,-0.021627188,-0.018276762,-0.032532547,0.004359889,0.063829787,0.002701729,-0.008035062,0.068493151,0.002590674,-0.015913978,0.000419463,0.001981266,0.00130039,-0.000908973,-0.023862789,0.019388516,0.013033175,0.002437835,0.019512195,0.00716589,0.003813155,-0.01611773,0.017298188,-0.01642178,-0.007220217,-0.018822587,0.013669065,-0.068459658,0.023200944,-0.026056746,0.005334627,0.015273005,0.013407305,0.023926812,-0.010989011,0.016377649,0.005513439,0.020134228,-0.010791367,0.033398821,0.007304311,0.017784553,0.031168831,-0.018589744,-0.039312039,0.003322259,0.063864629,0.043851852,-0.009285051,0.006313131,-0.002744739,0.010204082,-0.005582137,-0.006630265,0.025,-0.015224359,0.026532479,0.00353045,0.018755861,0.032413491,-0.014583857,0.021989314,0.019940179,-0.014495812,0.005872483,-0.028346457,0.027102804,0.039199333,0.004561825,0.017273751,0.028475712,0.030927835,0.000387898,0.008726899,0.026707756,0.010964912,0.006060606,0.010513546,-0.002336449,0.002751572,0.020491803,-0.008368201,-0.00462963,0.016976999,0,0.004173623,-0.038634322,0.005569307,0.035575679,0.008421053,0.012468828,0.003134796,-0.007263923
27/09/2011,0.05613079,0.071775618,0.005277045,0.056085919,0.084210526,0.05141844,0.031955438,0.002367798,0.044745763,0.034488953,0.017673049,0.028205128,0.032299742,0.067307692,0.049266247,0.062612253,0.032467532,0.052118534,0.042016807,0.022677396,0.023976608,0.022373541,0.029049897,0.051583067,0.030389364,0.014957265,0.031174089,0.052724077,0.089090909,0.101632653,0.043293116,0.103018373,0.028439662,0.07431629,0.072841293,0.014667168,0.076642336,0.072852234,0.033101852,0.037914692,0.052775874,0.013157895,0.046713287,0.009505703,0.055496686,0.032451323,0.046179681,0.077726976,0.098081841,0.038907285,0.040533607,0.05080897,0.063730084,0.04391468,0.016819572,0.014629049,0.008821171,0.017667845,0.05065666,0.064279902,0.049019608,0.021108179,0.016262657,0.061094612,0.039040572,0.015483612,0.026718801,0.042471607,0.035863219,0.051053485,0.040946315,0.015248796,0.040152964,0.027316353,0.074918567,0.074,0.026754556,0.029516539,0.037518759,0.028741866,0.015490534,0.032412965,0.014832162,0.060368483,0.021419009,0.031223629,0.029457364,0.035271944,0.012619889,0.018287614,0.117757009,0.022769231,0.057464085,0.068893528,0.053366174,0.02125,0.085365854
28/09/2011,-0.016769866,-0.035441995,-0.021872266,-0.042372881,-0.038834951,-0.001686341,0.020255682,-0.000787402,-0.014925373,-0.006424727,-0.02170767,0.037406484,-0.001251564,0.033988534,-0.022377622,-0.040789123,-0.001257862,-0.011982705,-0.040322581,-0.015736767,-0.007424329,-0.024262607,-0.016273663,-0.064614344,-0.023963134,0.005614035,-0.011385944,-0.248747913,-0.032554257,-0.038903298,0.007482993,-0.057108864,-0.002242152,-0.030990592,-0.049010791,-0.00074129,-0.029661017,-0.014734145,-0.037866906,-0.021917808,-0.034505208,0.002319109,-0.005611972,-0.001883239,-0.022440945,-0.014023211,-0.030497592,0.001818182,-0.021194829,-0.015537849,-0.012820513,-0.024041059,-0.032599119,-0.010817308,-0.007518797,-0.020597322,0,0.005015432,-0.016964286,-0.05733945,-0.02548853,-0.011197244,-0.012077295,-0.036385446,-0.017927308,-0.006930693,-0.00761663,-0.003153257,-0.015297907,-0.029298381,-0.006993007,-0.007509881,-0.020220588,-0.014013654,-0.025757576,-0.027932961,-0.029456193,-0.016806723,-0.010607522,0.022140221,-0.005084746,-0.000968992,0.003846154,-0.022550832,0.002621232,0.002454992,-0.009036145,-0.009102731,-0.001495513,0.001632653,-0.037625418,-0.001203369,-0.045481394,-0.022135417,-0.020265004,-0.007343941,-0.012359551
29/09/2011,0.010758331,-0.020935698,-0.000894454,0.006489676,-0.031818182,-0.032094595,-0.025422549,0.002364066,0.029314888,0.00471863,-0.008136095,0.030649038,-0.011099177,-0.02019802,-0.011853669,-0.018899389,-0.007556675,-0.020255064,-0.08250573,-0.007994186,0.00863061,0.00487567,0.002700878,0.018444846,-0.016997167,0.002791347,-0.017077045,-0.022222222,-0.005176877,-0.00462606,-0.010128292,-0.044794953,0.002247191,0.019988578,-0.03250591,-0.007418398,0.008755459,0.038361508,-0.00605496,-0.000933707,-0.008766015,0.004627487,-0.023649557,-0.010377358,-0.008256142,0.005394801,0.004139073,-0.011494253,-0.01784652,0.006879806,-0.008491508,0.009964019,-0.027322404,0.004921021,-0.012121212,0.008061689,0.017488076,0.002303263,-0.015440509,0.00892133,0.001743679,-0.003484321,-0.001528117,0.01659751,0.00500125,-0.000997009,0.011192837,-0.029604187,-0.001635323,-0.026211279,-0.002640845,0.012345679,-0.005159475,-0.000364431,-0.003888025,0.006704981,-0.004669261,-0.004022122,0.004385965,0.037648272,0.005110733,0.003879728,0.000766284,0.027231467,-0.002614379,0.029387755,-0.003039514,-0.00144357,0.014977534,0.010594947,-0.037358818,0.006927711,-0.00990099,0.065912117,0.00159109,0.00431566,-0.038566553
30/09/2011,-0.018172378,-0.027274711,-0.006266786,-0.043962485,-0.033385498,-0.015706806,-0.072857143,0.002358491,-0.02272,-0.002261263,-0.003355705,-0.059183673,-0.012128892,0.003637833,-0.015511892,-0.01529745,-0.024111675,-0.01755998,-0.022481266,-0.027106227,-0.00912721,-0.022319262,0.002356902,-0.003196023,0.000960615,-0.016701461,-0.004444444,-0.042613636,0,-0.02788536,-0.010914052,0.047556143,-0.002242152,-0.015117581,-0.015516188,-0.003736921,-0.02714227,-0.041327489,-0.033739456,-0.017757009,-0.034013605,0.001381852,-0.039251307,-0.025103273,-0.001827411,-0.095121951,-0.022258862,-0.02876377,-0.039370079,-0.001205788,-0.026196474,-0.044395725,-0.015917603,0.012332991,-0.034969325,0.010083449,-0.00234375,-0.030256607,-0.031365314,-0.036977492,-0.025239339,-0.004370629,0.001836547,-0.04122449,-0.004727544,-0.013173653,-0.017077799,-0.026293612,-0.025389025,0.026101142,-0.018534863,-0.02675059,-0.006364922,0.001822822,-0.00156128,-0.006660324,0.002345582,0.014639071,-0.029597283,-0.006461233,-0.013559322,-0.01352657,-0.008422665,-0.052282769,0.00982962,-0.007137193,-0.002286585,-0.006439742,-0.005902607,0.006451613,-0.00631769,-0.005384385,-0.031875,0.003747658,-0.045274027,-0.027624309,-0.028753994
03/10/2011,-0.031464833,-0.006729475,-0.006306306,-0.030656039,-0.005936319,-0.042553191,-0.004930663,-0.000392157,-0.055009823,-0.00069735,-0.027310138,-0.025100713,0.011544805,-0.006041079,-0.01512605,-0.016110472,0.004551365,0.005014029,-0.069846678,-0.010542169,-0.017846862,-0.02382134,0.008061807,-0.0559316,-0.00671785,0.006369427,0.002029221,-0.045697329,-0.043365134,-0.017928287,-0.024827586,0.011349306,-0.011610487,-0.044911882,-0.03176967,-0.015753938,-0.015840879,0.00914435,-0.019883608,-0.032350143,-0.034507042,0.001839926,-0.010715104,0.014341591,-0.001017087,-0.018328841,-0.010118044,-0.003780718,-0.037831021,0.000804829,-0.011898603,-0.040435905,-0.020932445,-0.013436847,0.010807374,-0.007263339,0.002349256,0.003159558,-0.015238095,-0.02754591,-0.03125,-0.001755926,0.006782768,-0.043848446,-0.017,0.007483819,-0.00965251,-0.023887831,0.005042017,0.036565978,-0.018884892,-0.007275667,-0.020166074,0.022925764,-0.003127443,-0.007662835,0.002730109,-0.018905473,-0.019,-0.044522261,-0.037800687,-0.006856024,0.013127413,-0.044677545,0.001297859,0.010383387,-0.006875477,-0.01984127,-0.008906482,0.002403846,-0.082652134,0.013834586,-0.045190445,-0.044181705,-0.010815308,0,-0.036427875
04/10/2011,-0.036309036,-0.034101174,-0.002719855,-0.063251107,-0.013572204,-0.002777778,-0.026447817,0.000392311,-0.046084546,-0.017969295,-0.023076923,-0.082326764,-0.011413043,-0.058752026,-0.035836177,-0.025146199,-0.014239482,-0.038386972,0.019230769,-0.02739726,-0.03985932,-0.02236909,-0.01032989,-0.013584906,-0.009661836,-0.025316456,-0.020251114,-0.010572139,-0.053490481,-0.035699797,-0.00990099,-0.065461347,-0.000757863,-0.06547619,0.017687772,0,-0.067254437,-0.033656958,-0.050717467,-0.043264503,-0.071480671,-0.017447199,-0.039096438,0.003856041,-0.036041539,-0.042284459,-0.056218058,-0.036685642,-0.043250328,-0.034981906,-0.059685864,-0.049611476,-0.052964043,-0.022094431,-0.016352201,-0.012448421,-0.02421875,-0.014173228,-0.051740812,-0.048927039,-0.061751152,-0.006156552,-0.00279194,-0.041852182,-0.019074262,-0.018470187,-0.025990903,-0.037949991,-0.045150502,-0.060582822,-0.028414299,-0.051302932,-0.032929782,-0.022767698,-0.043137255,-0.026061776,-0.03033839,-0.045131846,-0.03058104,-0.04921466,-0.005357143,-0.022485207,-0.022103659,-0.022366816,-0.008425146,-0.024505929,-0.044615385,0.025910931,-0.008487269,-0.007194245,-0.061386139,-0.011272619,-0.070317782,-0.013020833,-0.027754415,-0.017045455,-0.035276268
05/10/2011,0.043909348,0.043254618,-0.012727273,0.032410533,0.040726472,0.025069638,-0.005916783,0,0.073737741,0.027891277,0.017322835,0.05299619,0.012827561,0.054670684,0.04800885,0.051589682,0.021011162,0.049193548,0.066486972,0.039906103,0.065567766,0.03224129,0.01952862,0.061208875,0.008780488,0.010822511,0.009508061,0.034569453,0.068007663,0.04627682,0.021428571,0.028018679,0.016685628,0.052866242,0.040302267,0.009908537,0.03364033,0.044876088,0.042481105,0.024665982,0.06991359,-0.007009346,0.023809524,-0.01184379,-0.060202788,0.032683486,0.037906137,0.057780696,0.071917808,-0.02125,0.067928731,0.037735849,0.035402771,0.020581863,-0.012787724,0.031952247,0.004003203,-0.022763578,0.050484447,0.055956679,0.037328094,0.017699115,0.007303713,0.050185874,0.037334716,0.014931479,0.034356237,0.049585253,0.042031524,0.003265306,0.029245283,0.055793991,0.051577366,0.036039316,0.008196721,0.016848365,0.030485359,0.034519384,0.035226078,0.018722467,0.02064632,0.004237288,0.004676539,0.012895175,-0.005882353,0.020259319,0.037037037,0.003683241,0.005538771,-0.011272142,0.085443038,0.01140114,0.044363636,0.081794195,0.019031142,0.008991651,0.064220183
06/10/2011,0.059701493,0.046391753,0.011970534,0.069980379,0.099629825,0.014492754,0.04256,-0.001568627,0.043640054,0.023332181,0.035990712,0.104276316,0.018454858,0.045714286,0.060797973,0.073588135,0.010932476,0.006405329,0.01600674,0.037622272,0.016385929,0.034760705,0.006935271,0.037130497,0.026112186,0.004996431,0.042178542,-0.012150668,0.096860987,0.082026538,0.027972028,0.064892927,0.01305483,0.103448276,0.046368039,0.030188679,0.044128681,0.017307692,0.05325,0.03109328,0.114537445,0.016470588,0.041212835,0.049562682,0.054394246,0.024430872,0.053043478,0.057107387,0.083067093,0.053639847,0.072992701,0.086969697,0.053518335,0.018953753,0.053432642,0.014630827,0.022328549,-0.000408664,0.060194175,0.043589744,0.117424242,0.005217391,0.016616314,0.077876106,0.027743064,0.030834341,0.02192841,0.098173516,0.034453782,0.054515867,0.051329056,0.056910569,0.070238095,0.031623331,0.050406504,0.049707602,0.031140522,0.02926078,0.048755714,0.027027027,0.01407212,0.015672092,0.03878976,0.062258727,0.020381328,0.01350278,0.027173913,0.064220183,0.02653981,0.010586319,0.081632653,0.011569267,0.066155989,0.008536585,0.041595925,0.040738383,0.055110837
07/10/2011,0.019206146,-0.001927608,-0.007279345,0.014669927,0.023016255,-0.009821429,-0.002455494,0.001571092,0.03273906,0.00016889,0.00298842,-0.018766756,-0.005329543,0.022248244,0.014925373,-0.00770457,-0.001272265,0.00203666,0.028192371,-0.021029732,0.006764374,0.004381694,0.012463103,0.015641293,0.008482564,0.009232955,-0.00048723,0.028290283,0.028618152,-0.013377926,0.018367347,0.013406459,0.020250368,-0.006030702,-0.023487215,0.006227106,0.010554682,-0.006931317,0.011868028,0.032101167,0.002635046,0.00787037,0.010178117,0.012345679,-0.015988062,-0.001626016,0.033856317,-0.01233118,0.01179941,0.02989899,-0.016520894,-0.033732924,0,0.012202381,0.003381494,0.008383635,0.01326053,0.022894522,-0.012820513,0.018018018,-0.000847458,-0.000865052,0.006240713,-0.030377668,0.006322957,0.005865103,0.013568949,0.015512554,-0.009748172,-0.012345679,-0.015693112,0.011923077,-0.011123471,-0.004768392,0.017801858,0.016713092,-0.000377501,0.008977556,-0.006779661,-0.012105263,-0.011274935,0.001978239,0.005227782,0.018325215,0.009020619,-0.006269592,0.020975057,-0.001600985,-0.014634146,0.006446414,0.042228212,0.004985337,0.030045722,0.04050786,0.02200489,-0.010397554,0.062153487
10/10/2011,0.00678392,0.037339056,0.003666361,0.026506024,-0.005293194,0.065825068,0.002153846,-0.000392157,0.033584432,0.016548463,0.00707635,0.029993928,0.010180389,0.004200076,-0.003921569,0.028380187,0.002547771,0.029344512,0.016935484,0.002962963,0.017917133,0.028114397,0.00356333,0.019507187,-0.012149533,0.011963406,-0.00029877,0.022129187,0.016693164,0.047080979,-0.006680027,0.032471437,-0.001804403,0.024269167,0.006279621,0.012013105,0.035555556,0.03680203,0.015247478,0.020735156,0.022996058,-0.011024345,0.032465715,0.001829268,0.020797227,0.012486428,0.011980831,0.041022592,0.037026239,0.012553943,0.038537549,0.03000577,0.037629351,0.03263746,0.011335784,0.004323246,-0.005388761,0.022382094,0.051020408,0.044247788,0.03562341,0.003463203,0.002067336,0.041913633,0.024649589,0.006802721,0.010585305,0.022834646,0.012305168,0.0140625,0.005314438,0.011022425,0.024071991,0.021218344,0.041825095,0.047488584,0.032854985,-0.004448838,0.02632862,0.021310602,0.024561404,0.005923001,0.002228826,0.051632498,0.003192848,-0.009463722,0.042383861,0.011594918,-0.00049505,-0.004003203,0.034482759,0.00729501,0.046290425,0.01162115,0.000797448,0.002472188,0.02978022
11/10/2011,-0.003743449,-0.010757137,-0.023744292,0.002347418,0.017958412,0.007614213,-0.015044519,0,-0.012146978,-0.001993355,0.039571006,0.019924546,-0.003536068,-0.005703422,-0.005905512,-0.004425931,-0.016518424,-0.005084537,0.002379064,-0.00295421,-0.008250825,0.004243281,-0.007101356,-0.014098691,0.014191107,-0.003477051,0.005112072,-0.027501463,-0.022673964,-0.005395683,-0.004707465,-0.010483401,-0.003976862,0.009693053,-0.010950194,-0.001798561,0.008583691,-0.009791922,-0.012014787,-0.005540166,0.007064868,0.005573618,-0.007861209,0.010346926,0.012733447,0.003753351,-0.011049724,0.019988578,-0.006466123,0.009686168,-0.005708849,0.016246499,-0.002719855,0.016230068,-0.006664647,-0.013576159,-0.009287926,0.010164191,-0.025595763,-0.013867488,0.005733006,0.000862813,-0.014146773,0.028037383,0.000235849,0,-0.002772643,0.004311008,0.012155592,-0.012326656,-0.011453744,-0.002631579,0.000439367,-0.012399464,-0.010948905,0.00087184,0.002193784,0.003972195,-0.009976247,-0.006259781,-0.005136986,-0.008832188,-0.005189029,0.018411552,-0.003819223,-0.003184713,-0.0078125,-0.00499939,0.005448242,-0.00562701,0.010833333,-0.000579374,0.01030303,-0.010913268,0.005577689,0.003699137,-0.001280546
12/10/2011,0.029058116,0.012128816,0.005612722,0.012880562,0.068709378,0.008396306,0.014089776,0,0.055948355,0.000332889,0.003201708,0.080799908,-0.023775727,0.004971319,0.028712871,0.027458159,0.014211886,0.021980203,0.034810127,0.014814815,0.021075984,0.029107981,0.013979194,-0.011235955,0.023320896,-0.005582694,0.012519562,-0.059566787,0.0744,-0.001808318,0.023648649,-0.020011772,0.007622505,0.013333333,0.01297619,-0.005765766,0.004702128,0.024721879,0.014733396,0.038068709,0.042729592,-0.006928406,0.026229508,-0.018975904,0.010477787,0.036858974,0.015961692,-0.008398656,0.054895303,-0.00076746,0.01722488,-0.001102536,0.026363636,0.000560381,0.00304971,0.005035247,-0.01328125,0.006578947,0.011775362,0.03125,0.036644951,0.012068966,-0.001195815,0.039130435,0.004008489,0.011583012,0.005869632,0.030814043,0.002401922,0.028861154,0.019607843,0.035431587,-0.000878349,-0.003053953,0.030258303,0.025261324,-0.00036483,-0.016320475,0.020633397,0.023097113,0,0,-0.002980626,0.017369727,-0.007667732,-0.002396166,-0.038654259,-0.017769608,0.003448276,-0.011317704,0.041220115,-0.004869565,0.036592681,-0.016260163,0.027733756,0.019041769,0.048765894
13/10/2011,-0.009250243,-0.04731405,0.012093023,-0.01849711,-0.022589053,-0.010824313,-0.041497602,0.002353864,-0.019796215,-0.00765391,0.00035461,-0.073796791,0.022900763,-0.000761035,-0.009624639,-0.027742428,0.006369427,-0.014928996,-0.029816514,-0.008029197,-0.016838675,-0.019616788,-0.006732927,0.003787879,-0.00911577,0.001403509,0.001159196,-0.040307102,-0.027550261,-0.012318841,-0.017821782,-0.021621622,-0.005043228,0.002631579,0.024092138,-0.00108735,0.058850935,0.005428227,-0.023738189,-0.02862254,-0.029969419,0.008837209,-0.024760383,0.004298434,-0.014309415,-0.004121587,0.010997643,-0.016939582,-0.057403433,0.007296467,-0.031044214,-0.054635762,-0.0425155,0.012601512,0.003648525,0.006346025,0.005542359,0.00307574,-0.025962399,-0.006060606,-0.028279654,-0.010221465,-0.004788985,-0.081019399,0.004697041,0.001908397,-0.011363636,-0.023349197,0.099041534,-0.017437453,-0.006118881,-0.017109574,-0.007032967,0.005105514,-0.038681948,-0.037383178,0.002554745,0.016088487,-0.015984955,-0.024114931,0,0.005940594,0.003736921,-0.025087108,-0.00257566,0.020016013,0.012658228,0.009856519,0.00981836,-0.004905969,-0.050673001,0.01130141,-0.05787037,-0.007674144,-0.027756361,-0.01748041,-0.037634737
14/10/2011,0.019164619,0.024289742,0.010110294,0.014134276,-0.001777778,0,0.051247515,-0.002739726,0.006831007,0.006874581,0.012052464,0.016454965,-0.001954513,0.023229246,0.020408163,0.019371728,0.003164557,0.026121242,0.019700552,-0.005150846,0.001104972,0.000465333,0.000322789,0.024699828,0.017479301,-0.000700771,-0.00270166,0.050666667,0.014548239,0.034482759,0.016129032,0.01903008,0.022085445,0.037270341,-0.030296075,0,0.022,-0.00119976,0.019357885,0.003683241,0.020807062,0.018441678,0.004095004,-0.001834301,-0.005049442,0.012933264,0.009324009,0.022400919,0.024473534,-0.0106748,0.02038835,-0.029480444,0.01480111,0.014933628,0.006967586,0.011284434,-0.003937008,0.000383289,0.003676471,0.035823171,0.021827001,0.009466437,0.008721805,0.004139073,0.02173913,0.019047619,0.014290152,0.01888229,0.010901163,0.000771605,0.011433597,0.011111111,0.005533422,0.011513715,0.002235469,0.012356575,0.014925373,0.020286987,0.021022456,0.000525762,0.009466437,0.015748031,0.006701415,0.013938528,-0.012911556,0.018838305,0.047058824,0.010625154,0.025279533,-0.004930156,0.011676397,0.000864055,0.038728501,0.00892326,0.028548771,-0.009202454,0.03123015
17/10/2011,0.006509161,-0.024348931,-0.013648772,0.017421603,-0.040071238,0.005050505,-0.021964613,0,0.002949853,-0.009825146,-0.010157618,0.022436808,-0.002492434,0.001488649,-0.001904762,-0.019003595,-0.000630915,0.021974063,-0.024729521,-0.016272189,-0.000551876,-0.001860465,-0.014843498,-0.026782725,0.001808318,-0.012622721,-0.009287926,0.020304569,-0.016603774,0.014184397,-0.01521164,-0.018674699,-0.221041445,-0.03694332,-0.034319527,-0.001814224,-0.007827789,-0.018618619,-0.022232515,-0.00733945,-0.031500926,-0.014938886,-0.002990756,-0.001225115,-0.035736942,-0.015832482,-0.03926097,-0.008426966,-0.030555556,0.001541426,-0.005708849,-0.024962406,-0.018231541,-0.01253406,0.007521059,-0.000328192,0.008695652,-0.013793103,-0.003663004,-0.017660044,-0.016613924,-0.013640239,-0.001788909,-0.007831822,0.002974148,-0.020560748,-0.009188361,-0.013002541,-0.009345794,-0.00539707,-0.006086957,-0.000732601,-0.004842615,0.005356545,-0.012639405,-0.013077594,-0.006456241,-0.01842871,0.00327562,-0.021019443,-0.010230179,-0.031976744,-0.002218935,0.007402185,-0.003270111,-0.006163328,-0.034410112,0.002444988,-0.011853959,-0.000825764,-0.005770816,-0.002014388,-0.026640253,-0.021816038,-0.01310717,0.007430341,-0.025767375